Episode,Reward,Steps,Loss,Goal_Row,Goal_Col
1,97.9,4,0.0,1,1
2,41.59999999999993,117,114.84741831699321,0,5
3,58.49999999999994,110,101.39322981075807,3,5
4,97.5,8,87.84215113520622,2,0
5,84.2,42,61.73590662933531,3,2
6,78.3,56,71.39029690836158,3,5
7,72.0,56,72.49232566250222,0,3
8,99.6,5,86.61575088500976,2,1
9,98.6,6,63.02751183509827,3,0
10,-47.10000000000008,120,72.95347777356704,1,5
11,57.89999999999996,89,54.46630608767606,3,5
12,95.4,11,93.68498329682784,3,0
13,-48.90000000000006,120,67.47945848455032,0,3
14,-45.30000000000007,120,67.76637437889973,0,5
15,79.6,52,62.35355240851641,0,5
16,99.0,2,140.94111251831055,1,0
17,89.0,30,91.4771577278773,2,1
18,94.2,14,63.398009832416264,0,5
19,92.0,18,108.84484983152814,5,0
20,100.0,1,174.95445251464844,1,0
21,97.6,7,124.56823607853481,2,1
22,-50.700000000000045,120,77.8959585390985,1,3
23,84.80000000000001,36,78.87081636819575,4,5
24,84.2,42,59.241321234476,5,4
25,87.4,37,68.64651800329621,0,5
26,91.4,24,89.16149512926738,3,0
27,86.4,29,98.14086609462211,3,2
28,-48.90000000000007,120,77.4550401310126,0,5
29,56.199999999999925,106,67.45131901525102,5,0
30,-51.600000000000065,120,68.75899049242338,5,0
31,-63.30000000000007,120,51.866810417175294,5,2
32,81.30000000000001,35,28.967921713420324,1,3
33,90.5,24,59.543242494265236,3,5
34,-48.00000000000006,120,55.60128443837166,3,5
35,89.30000000000001,36,50.6547361281183,1,3
36,64.49999999999997,86,55.24894844238148,5,5
37,78.1,58,47.631495352449086,1,5
38,-54.300000000000054,120,61.021571823457876,1,5
39,96.7,7,57.70100923946926,1,1
40,-48.000000000000085,120,60.31591124633948,3,2
41,-57.000000000000064,120,58.77212536086639,2,5
42,-60.60000000000006,120,46.31882912615935,1,1
43,98.5,7,56.61684087344578,1,1
44,97.7,15,44.39350746472677,2,0
45,92.30000000000001,24,41.966346718370914,5,1
46,70.99999999999997,66,55.07231654362245,4,5
47,85.4,30,65.75711417595545,3,2
48,87.80000000000001,33,82.23913562117201,3,0
49,87.10000000000001,40,66.581195089221,5,1
50,-59.70000000000006,120,63.828481658299765,3,2
51,99.9,2,151.38376235961914,1,1
52,85.5,29,47.34052452547797,5,5
53,73.79999999999998,47,54.80014162367963,5,4
54,79.69999999999999,60,62.55423808495204,3,5
55,99.9,2,149.30102491378784,2,0
56,74.99999999999997,80,51.59793222248554,4,5
57,60.59999999999999,80,55.12093311995268,2,5
58,96.0,23,30.15932227217633,3,0
59,91.4,15,52.35940181414286,5,0
60,82.7,39,68.56154811382294,5,5
61,-62.400000000000055,120,61.77447935839494,2,5
62,97.9,4,72.94244468212128,2,0
63,94.2,14,47.720532349177766,0,5
64,99.9,2,2.272668719291687,1,1
65,-54.30000000000004,120,49.044978471597034,5,2
66,78.39999999999999,37,52.256121039390564,5,0
67,63.29999999999996,89,43.99532914161682,5,5
68,-54.30000000000007,120,53.26015324294567,3,2
69,-65.10000000000007,120,39.77758529980977,5,1
70,89.60000000000001,24,62.62514234582583,0,3
71,66.09999999999998,61,44.448770786895125,5,5
72,94.8,8,104.28482784330845,0,3
73,99.9,2,85.14438319206238,1,1
74,99.8,3,95.35149184862773,0,3
75,50.69999999999995,107,50.65515754601666,5,5
76,-58.800000000000075,120,51.21745176215966,3,2
77,98.8,4,58.99001657962799,3,0
78,97.4,9,47.109516355726456,0,5
79,99.9,2,80.06774353981018,1,1
80,71.79999999999998,58,47.64176400776567,2,5
81,98.7,5,58.30991983413696,2,0
82,88.6,25,63.03819574356079,0,5
83,80.6,51,50.98436206929824,4,5
84,89.8,22,51.041668794371866,0,3
85,96.0,14,61.27714829785483,5,0
86,-52.50000000000007,120,49.7340973118941,5,5
87,98.8,4,44.417908906936646,3,0
88,94.0,16,51.07868763804436,0,3
89,-71.40000000000002,120,36.55376965602239,2,1
90,74.5,49,41.50565705494005,5,1
91,63.09999999999996,73,46.740922522871465,5,5
92,-60.60000000000006,120,39.24821924964587,2,1
93,63.09999999999999,73,38.0630226984416,3,5
94,-67.8,120,37.59606224099795,1,3
95,42.99999999999995,103,37.56858036124591,2,5
96,-65.10000000000005,120,41.296967991193135,1,1
97,74.39999999999998,59,38.411244457050906,4,5
98,77.3,39,40.32215266349988,5,1
99,68.99999999999997,59,37.469193531295,3,2
100,97.6,7,27.701356479099818,0,5
101,91.0,19,67.2165124039901,3,0
102,96.6,8,36.918774485588074,0,3
103,98.6,6,67.14524507522583,2,1
104,95.1,14,38.63036666597639,2,0
105,93.5,30,30.10383874575297,5,5
106,-52.50000000000006,120,36.359643634160356,3,2
107,-73.19999999999999,120,42.75911804437637,1,3
108,-74.09999999999994,120,40.15890613396962,5,2
109,80.79999999999998,40,30.09764392375946,0,5
110,88.60000000000001,25,37.23841011047363,2,5
111,87.0,23,59.67208319124968,5,2
112,62.999999999999986,74,39.75540027747283,5,4
113,86.2,22,30.490443511442706,3,0
114,77.1,50,38.253353443145755,3,5
115,99.7,4,30.57706320285797,1,1
116,46.99999999999995,99,33.306835270891284,5,4
117,53.79999999999994,103,45.05083226231695,2,5
118,-71.40000000000002,120,37.78922627766927,3,2
119,99.8,3,16.854583422342937,0,3
120,-71.39999999999999,120,45.330554854869845,3,2
121,-61.50000000000007,120,38.553801321983336,5,4
122,85.80000000000001,35,40.95836538587298,5,4
123,61.39999999999996,72,40.00212612417009,5,0
124,97.9,4,17.04619550704956,2,0
125,63.499999999999986,69,43.532378127609476,3,5
126,99.9,2,36.547953605651855,2,0
127,98.6,6,48.01329263051351,0,5
128,90.9,20,34.184926700592044,1,5
129,82.5,32,39.00130282342434,1,5
130,-72.30000000000001,120,40.29325695435206,2,5
131,42.19999999999996,111,39.006621287749695,5,2
132,88.8,23,25.875523235486902,3,0
133,61.699999999999974,60,44.84573690096537,5,5
134,61.09999999999996,84,41.11380688349406,1,3
135,100.0,1,53.60516357421875,1,0
136,-76.79999999999995,120,42.32140787045161,1,1
137,49.09999999999997,78,32.94003821641971,3,5
138,99.8,3,39.25229040781657,3,0
139,99.6,5,47.83036308288574,5,0
140,78.9,41,34.06672040427603,5,5
141,94.3,13,31.146866431603065,1,3
142,40.59999999999995,109,37.23916262442913,5,2
143,63.99999999999999,64,40.455533400177956,5,2
144,93.0,17,33.85190240074606,0,3
145,-58.800000000000075,120,40.63294812043508,3,2
146,99.6,5,31.815509033203124,0,5
147,57.39999999999999,67,39.51812146314934,4,5
148,64.49999999999999,59,35.57387537875418,3,5
149,-81.29999999999998,120,38.01295971075694,1,0
150,95.0,15,35.638445409138996,2,1
151,-70.50000000000001,120,41.781149935722354,1,1
152,99.8,3,49.390603383382164,2,1
153,87.0,23,35.548324875209644,0,5
154,70.69999999999997,51,45.53786631191478,5,5
155,90.10000000000001,19,36.26824479354055,1,3
156,-85.79999999999998,120,35.1370325088501,2,5
157,55.499999999999986,77,38.41337472742254,5,5
158,99.7,4,35.00827217102051,2,0
159,89.9,30,35.586949316660565,1,3
160,99.9,2,24.411877632141113,2,0
161,99.6,5,31.507609558105468,5,0
162,-63.300000000000054,120,35.8976278146108,2,1
163,69.39999999999999,46,42.11631946978362,5,0
164,91.2,17,36.38013385323917,0,3
165,75.5,39,35.67730336311536,5,1
166,95.2,13,38.27335673112135,5,0
167,99.6,5,19.869683456420898,0,3
168,97.5,8,42.281880259513855,5,1
169,98.8,4,46.14872217178345,2,1
170,64.39999999999998,69,38.095849548560984,4,5
171,36.99999999999997,100,36.27288162231445,4,5
172,92.5,13,45.73170192425068,1,5
173,71.39999999999999,44,37.48858284950256,4,5
174,-76.80000000000001,120,35.36135779221853,5,2
175,99.0,2,26.270404815673828,1,0
176,-75.89999999999998,120,34.9492914279302,3,2
177,92.9,36,33.7518527507782,1,1
178,85.0,34,24.022411093992346,5,4
179,95.1,14,24.437240055629186,5,5
180,99.4,7,25.495083945138113,5,0
181,100.0,1,13.121196746826172,1,0
182,60.999999999999964,76,37.41399152027933,3,2
183,99.9,2,40.44171714782715,2,0
184,-87.59999999999994,120,35.12220503489176,3,2
185,99.0,2,27.2777738571167,1,0
186,99.8,3,44.4214293162028,3,0
187,89.3,18,29.41784864001804,5,1
188,95.4,29,34.38136824246111,2,1
189,89.3,18,33.466341177622475,1,5
190,98.1,11,32.698363304138184,1,5
191,100.0,1,27.65204429626465,1,0
192,-57.90000000000005,120,36.23151337305705,2,1
193,98.9,3,51.097155253092446,1,1
194,98.9,3,35.77171643575033,2,0
195,-83.09999999999997,120,34.935273218154904,1,1
196,95.9,24,35.5191775560379,5,5
197,-44.400000000000084,120,40.08798895676931,2,5
198,92.2,34,31.29096868458916,2,1
199,82.1,27,37.70956078282109,3,5
200,88.0,22,38.12839937210083,4,5
201,-91.2,120,33.54132746855418,5,2
202,99.8,3,39.263623555501304,0,3
203,90.3,17,35.243249107809625,1,5
204,94.2,14,30.470352172851562,0,3
205,97.1,12,28.10322920481364,3,5
206,82.2,35,39.5835757119315,4,5
207,100.0,1,36.7642822265625,1,0
208,98.8,4,52.10148763656616,0,3
209,96.1,13,25.977293968200684,5,5
210,78.3,38,32.85746205480475,1,3
211,98.3,9,33.4534387588501,3,5
212,-93.89999999999996,120,35.328488004207614,2,1
213,88.60000000000001,25,25.116939277648925,2,1
214,91.5,14,52.20868376323155,1,5
215,92.3,15,21.6289088567098,1,5
216,94.1,15,23.085700098673502,3,5
217,97.4,9,39.755220307244194,3,0
218,96.6,8,41.071942925453186,5,0
219,66.3,68,26.352197219343747,1,3
220,87.5,36,31.898015181223553,5,5
221,92.0,18,34.33386548360189,5,2
222,89.80000000000001,22,34.24923259561712,2,5
223,11.700000000000003,119,32.9492506179489,1,3
224,84.0,26,30.957252465761623,4,5
225,-76.79999999999997,120,26.718880450725557,1,5
226,98.8,4,18.34979248046875,3,0
227,96.5,18,36.04172804620531,1,1
228,81.4,34,28.013216972351074,5,4
229,54.099999999999994,64,33.51278079301119,5,1
230,84.7,19,32.39520288768568,2,0
231,-60.60000000000005,120,30.27659383614858,3,2
232,98.8,13,26.964583030113808,0,5
233,93.4,22,44.607215491208166,4,5
234,79.1,30,30.03332249323527,1,3
235,99.6,5,28.798538589477538,3,0
236,97.1,12,32.79504609107971,5,1
237,94.6,10,42.90861039161682,3,0
238,87.3,29,25.143144673314588,3,5
239,87.4,19,21.281579469379626,5,0
240,97.6,7,21.762267930167063,0,3
241,100.0,1,10.423592567443848,1,0
242,98.8,4,64.261159658432,0,3
243,79.4,36,33.15636912981669,5,4
244,74.89999999999999,36,34.16444418165419,5,5
245,98.7,14,16.791243178503855,5,5
246,95.6,18,35.64537821875678,0,5
247,100.0,1,26.586387634277344,1,0
248,-93.9,120,29.499623743693032,1,5
249,89.60000000000001,24,37.1105272769928,4,5
250,99.9,2,20.161697387695312,2,0
251,100.0,1,17.022966384887695,1,0
252,98.9,3,26.159029960632324,2,0
253,77.29999999999998,48,29.395443340142567,1,5
254,99.9,2,49.951242446899414,1,1
255,89.9,21,25.025652749197825,5,1
256,84.60000000000001,47,33.02680543128481,3,2
257,98.8,13,24.534656304579514,4,5
258,90.1,19,40.69007830870779,5,1
259,60.79999999999998,51,29.44584264942244,2,5
260,91.2,26,28.9280623289255,3,2
261,99.9,2,28.092703819274902,1,1
262,98.1,11,46.53182610598478,5,5
263,59.29999999999998,57,37.24548087203712,1,3
264,78.8,33,20.636148048169684,5,4
265,99.9,2,31.709202766418457,2,0
266,99.6,5,44.60499458312988,3,0
267,95.4,20,30.404432249069213,4,5
268,99.6,5,11.120262622833252,5,0
269,35.59999999999995,114,34.671596451809535,3,2
270,95.9,15,27.665125211079914,3,5
271,98.4,8,20.393876671791077,2,5
272,-77.69999999999987,120,30.62259400288264,1,1
273,98.9,12,16.915465037027996,5,5
274,90.1,19,35.541371496100176,1,5
275,99.8,3,50.40103530883789,0,3
276,-83.1,120,34.51429584423701,1,1
277,99.8,3,24.605401674906414,2,1
278,-75.90000000000003,120,32.16960465510686,3,2
279,-86.69999999999997,120,29.943746387958527,3,2
280,-50.70000000000006,120,28.711192937692008,2,1
281,89.6,24,34.19266511996587,4,5
282,93.6,11,30.26362419128418,0,5
283,85.30000000000001,31,45.21733791597428,1,5
284,98.2,10,42.870703125,4,5
285,100.0,1,76.9927749633789,1,0
286,80.19999999999999,37,25.122888552175986,2,5
287,99.9,2,39.3249454498291,2,0
288,99.6,5,19.71935043334961,5,0
289,98.8,13,33.13473033905029,4,5
290,96.0,14,41.68942281178066,0,5
291,99.6,5,14.60177402496338,3,0
292,100.0,1,13.974282264709473,1,0
293,72.59999999999997,50,33.71986678123474,5,4
294,-31.800000000000114,120,31.04393093585968,5,2
295,77.6,36,23.14117654164632,5,4
296,94.0,16,24.338734477758408,4,5
297,87.0,32,37.73410341143608,5,4
298,86.5,28,23.255414622170584,5,1
299,99.9,2,40.93646478652954,1,1
300,97.2,11,43.91675584966486,4,5
301,50.499999999999986,73,32.95280546684788,5,1
302,-61.50000000000004,120,33.77744063536326,2,1
303,82.8,29,45.83472138437732,5,2
304,95.4,11,35.675416079434484,5,2
305,96.2,12,36.26741258303324,4,5
306,98.7,5,20.69906997680664,1,3
307,95.8,16,19.42410707473755,5,4
308,84.5,30,30.769438155492146,3,5
309,98.6,6,29.875749588012695,5,0
310,99.6,5,20.615937900543212,2,1
311,98.5,7,24.84721851348877,5,1
312,99.8,3,33.114012718200684,3,0
313,42.399999999999984,109,28.311795641522888,5,2
314,98.2,10,32.80386180877686,4,5
315,98.5,7,24.58489159175328,5,1
316,98.7,5,38.343725967407224,1,3
317,98.9,3,47.67180792490641,2,0
318,86.6,27,27.535871964913827,5,4
319,97.0,13,47.40573200812707,5,4
320,93.9,17,30.239476821001837,5,1
321,97.2,11,25.83885348926891,2,5
322,99.8,3,33.170684814453125,0,3
323,99.7,4,15.870496034622192,1,3
324,100.0,1,35.36400604248047,1,0
325,86.2,22,24.77239483053034,2,5
326,96.7,16,29.48378136754036,5,5
327,99.6,5,21.72372341156006,0,5
328,98.5,7,66.2011661529541,5,1
329,98.8,13,33.15522744105412,4,5
330,99.1,10,16.93764371871948,5,5
331,99.9,2,42.33699989318848,2,0
332,83.8,37,35.43099800316063,2,1
333,95.1,14,28.19913673400879,5,5
334,99.0,11,24.88974805311723,5,4
335,99.2,9,38.21756966908773,2,5
336,-83.09999999999985,120,31.595151738325754,2,1
337,99.0,2,17.48422360420227,1,0
338,98.6,6,23.921188672383625,5,0
339,100.0,1,68.92378234863281,1,0
340,99.1,10,28.199355792999267,5,5
341,99.8,3,52.08852895100912,3,0
342,89.4,17,39.2840311387006,3,2
343,65.5,49,24.10596902029855,5,1
344,98.4,8,50.38033962249756,2,5
345,98.6,6,24.646684964497883,0,5
346,99.2,9,20.478474934895832,5,0
347,99.4,7,30.7901998928615,5,2
348,93.2,15,35.235732618967695,2,5
349,99.2,9,24.722847408718533,4,5
350,99.9,2,28.381576538085938,2,0
351,99.7,4,26.90455174446106,1,3
352,99.8,3,12.586124102274576,0,3
353,99.4,7,31.78338200705392,5,0
354,96.3,11,24.178401340137828,3,5
355,100.0,1,16.239761352539062,1,0
356,41.899999999999984,78,24.560856519601284,5,1
357,90.3,17,33.42897454430075,1,5
358,94.0,43,23.091434767079907,3,2
359,99.6,5,21.53322582244873,0,5
360,99.4,7,30.224214349474227,2,5
361,99.8,3,34.68403021494547,0,3
362,100.0,1,16.884809494018555,1,0
363,99.7,4,31.508058547973633,1,3
364,99.3,8,27.782582879066467,3,5
365,74.39999999999999,32,36.533816292881966,3,2
366,98.9,3,34.86057662963867,1,1
367,99.8,3,57.8996254603068,3,0
368,99.9,2,15.210500240325928,2,0
369,98.2,10,24.72727851867676,4,5
370,75.69999999999999,37,31.596316608222754,5,1
371,96.1,13,24.240127783555252,5,1
372,98.9,12,27.599303166071575,5,5
373,74.5,40,25.361157393455507,5,5
374,98.6,6,42.59967549641927,5,0
375,99.8,3,30.669132868448894,0,3
376,55.99999999999998,72,40.84393242994944,5,4
377,98.9,12,23.4579598903656,5,5
378,98.2,10,27.273559665679933,5,2
379,99.6,5,17.49945182800293,3,0
380,99.4,7,34.24705287388393,5,2
381,98.3,9,20.53671254052056,3,5
382,55.199999999999946,98,28.3047060869178,3,2
383,-38.100000000000094,120,24.823699263731637,1,1
384,98.7,14,27.17048508780343,1,1
385,98.9,12,22.73034965991974,3,5
386,25.400000000000034,117,25.37038054425492,2,1
387,100.0,1,19.468929290771484,1,0
388,97.6,7,23.509769712175643,0,5
389,99.8,3,13.969610532124838,3,0
390,98.8,4,25.760643005371094,0,3
391,99.9,2,178.23709678649902,1,1
392,99.9,2,19.92484188079834,2,0
393,99.6,5,30.720100975036623,5,0
394,-79.50000000000003,120,24.76715071996053,2,1
395,97.4,9,24.52152093251546,3,2
396,99.0,11,21.69195894761519,5,4
397,100.0,1,9.64640998840332,1,0
398,98.2,10,35.801262283325194,4,5
399,99.6,5,49.97020435333252,0,5
400,99.9,2,27.6234769821167,2,0
401,99.1,10,20.26027708053589,5,1
402,98.0,12,26.257847547531128,2,5
403,97.0,22,26.631970839066938,2,1
404,98.8,4,20.012925624847412,2,1
405,99.8,3,10.584568977355957,2,1
406,98.8,4,12.076949834823608,0,3
407,99.7,4,42.165302753448486,1,3
408,99.4,7,17.211547715323313,5,2
409,99.4,7,28.061288697378977,3,2
410,98.4,8,27.030492067337036,5,2
411,98.1,11,37.4852819442749,5,5
412,99.6,5,46.12442760467529,0,5
413,99.3,8,35.756882309913635,1,5
414,98.6,6,55.6965708732605,0,5
415,97.8,14,27.063945497785294,4,5
416,99.5,6,21.47387965520223,1,5
417,95.4,11,32.90558008714156,5,2
418,99.4,7,34.871552739824565,5,0
419,28.300000000000082,106,28.078994139185493,1,1
420,99.7,4,12.88606858253479,1,3
421,99.4,7,26.226976258414133,5,0
422,100.0,1,11.29948616027832,1,0
423,99.3,8,23.9381160736084,3,5
424,99.8,3,51.74667453765869,2,1
425,97.8,5,44.50305805206299,0,3
426,94.1,15,28.843395455678305,5,5
427,95.1,14,27.044391427721298,3,5
428,98.7,5,18.770411491394043,1,3
429,99.9,2,22.48714327812195,1,1
430,99.4,7,52.685098103114534,5,2
431,56.8,55,28.727540493011475,5,0
432,98.8,4,17.074004650115967,0,3
433,99.9,2,31.27836513519287,2,0
434,99.5,6,29.098052978515625,1,5
435,95.1,41,26.069115824815704,1,1
436,99.8,3,13.172410647074381,0,3
437,93.4,22,27.833543474023994,5,4
438,99.6,5,59.95313320159912,5,0
439,98.4,8,21.005119562149048,2,5
440,99.8,3,19.807685216267902,2,1
441,47.799999999999955,82,24.96160271109604,5,4
442,98.9,3,16.585296630859375,1,1
443,88.9,67,31.889964181985427,5,1
444,99.8,3,9.406506538391113,0,3
445,42.69999999999994,106,27.363901457696592,1,1
446,86.4,20,20.72559356689453,3,2
447,99.1,10,16.526004028320312,3,5
448,98.0,12,30.902055263519287,4,5
449,96.3,11,23.42570859735662,3,5
450,99.2,9,16.48386828104655,5,2
451,100.0,1,8.242948532104492,1,0
452,99.1,10,26.412968826293945,5,1
453,99.4,7,30.772566114153182,2,5
454,85.8,35,32.08482652391706,3,2
455,99.4,7,28.277811118534633,5,2
456,99.9,2,28.61186695098877,2,0
457,99.6,5,16.51202392578125,2,1
458,99.3,8,31.10551404953003,3,5
459,80.8,22,25.086688128384676,3,0
460,95.8,43,24.542518493741056,2,1
461,66.0,44,25.88874329220165,5,4
462,58.199999999999996,50,27.83312505722046,3,2
463,99.8,3,14.26019032796224,3,0
464,84.60000000000001,29,21.42691312987229,5,4
465,99.9,2,12.243206977844238,2,0
466,99.9,2,13.852478504180908,2,0
467,99.4,7,25.435596193586075,2,5
468,99.0,11,25.67731055346402,5,2
469,99.8,3,25.325354894002277,2,1
470,99.8,3,71.72426859537761,3,0
471,99.3,8,14.704433798789978,1,5
472,99.9,2,17.189194679260254,1,1
473,98.6,6,15.232030630111694,5,0
474,98.8,13,39.5268156345074,2,5
475,99.3,8,41.25077271461487,3,5
476,99.4,7,26.916754722595215,5,2
477,95.8,34,22.14985252829159,2,1
478,99.4,7,15.739350318908691,2,5
479,98.8,13,18.83591805971586,5,0
480,100.0,1,8.686593055725098,1,0
481,91.80000000000001,65,25.227759075164794,2,1
482,99.4,7,24.30132852281843,2,5
483,99.8,3,12.31214427947998,2,1
484,99.6,5,28.20857877731323,0,5
485,92.10000000000001,80,32.432445114851,5,1
486,83.4,23,29.109304469564687,0,5
487,-33.59999999999997,120,22.054876720905305,5,1
488,99.2,9,24.08156469133165,2,5
489,99.4,7,14.163367543901716,5,2
490,99.8,3,17.88034216562907,3,0
491,99.9,2,42.57653570175171,1,1
492,99.4,7,14.54389340536935,0,5
493,99.9,2,24.299412727355957,2,0
494,79.19999999999999,47,25.587376310470255,5,4
495,99.3,8,24.370699405670166,1,5
496,95.0,42,24.940698260352725,2,1
497,99.6,5,21.43936080932617,0,5
498,100.0,1,15.697416305541992,1,0
499,99.5,6,13.935267289479574,1,5
500,99.8,3,11.709005037943522,3,0
501,-112.80000000000001,120,30.209600857893626,5,4
502,99.8,3,16.00855763753255,3,0
503,99.7,4,25.63020896911621,2,0
504,99.0,11,25.21715463291515,4,5
505,98.8,4,19.210294008255005,0,3
506,99.7,4,12.904725074768066,1,3
507,69.39999999999999,37,21.93684129457216,3,2
508,99.4,7,25.666700431278773,2,5
509,99.5,6,21.25722360610962,1,5
510,99.9,2,19.61967372894287,2,0
511,99.7,4,22.817526817321777,1,3
512,98.4,8,13.312476992607117,2,5
513,99.8,3,8.908289273579916,0,3
514,99.2,9,29.82824616962009,4,5
515,100.0,1,29.632888793945312,1,0
516,85.1,24,31.087510148684185,5,5
517,100.0,1,10.140571594238281,1,0
518,98.9,3,27.076263427734375,1,1
519,99.7,4,48.85224676132202,1,3
520,99.9,2,14.029393672943115,1,1
521,99.9,2,20.84591579437256,1,1
522,99.2,9,13.963351567586264,5,2
523,98.4,8,22.137816429138184,3,2
524,99.9,2,12.405110836029053,2,0
525,99.1,10,26.300308609008788,5,1
526,99.4,7,23.669733456202916,5,2
527,99.6,5,25.118111419677735,0,5
528,99.9,2,11.533623933792114,2,0
529,99.4,7,29.93826402936663,2,5
530,99.4,7,25.725247519356863,2,5
531,99.1,10,20.56112461090088,5,5
532,97.8,5,24.075298309326172,0,3
533,99.9,2,19.67835760116577,1,1
534,99.9,2,22.702301025390625,2,0
535,99.9,2,51.95043182373047,2,0
536,99.0,11,36.55619118430398,4,5
537,99.4,7,19.174555914742605,5,2
538,95.7,35,29.553117833818707,1,1
539,99.3,8,35.68215751647949,3,5
540,99.4,7,15.520556313650948,2,5
541,99.2,9,26.96876181496514,4,5
542,99.8,3,21.68003050486247,3,0
543,97.1,12,21.135128140449524,5,5
544,99.9,2,14.330421924591064,2,0
545,98.9,12,26.427037398020428,5,1
546,99.1,10,15.496429061889648,5,5
547,100.0,1,43.337646484375,1,0
548,98.3,9,18.71102301279704,3,5
549,69.39999999999996,55,22.24712356220592,5,4
550,99.8,3,26.727686246236164,3,0
551,99.8,3,31.92229398091634,3,0
552,100.0,1,16.18783950805664,1,0
553,99.8,3,24.74331061045329,3,0
554,99.4,7,17.57186794281006,5,2
555,99.9,2,22.987631797790527,2,0
556,96.6,26,25.211133003234863,5,4
557,99.2,9,26.077539867824978,4,5
558,98.8,4,20.679670095443726,2,1
559,98.9,12,24.444487889607746,5,5
560,99.6,5,8.722891998291015,5,0
561,100.0,1,33.04269790649414,1,0
562,99.4,7,14.01422711781093,5,0
563,81.89999999999999,29,18.992085555504108,5,1
564,99.1,10,19.252926921844484,5,5
565,99.7,4,16.251195549964905,1,3
566,98.6,6,14.61164665222168,5,0
567,98.3,9,26.029919412400986,3,5
568,100.0,1,31.588804244995117,1,0
569,99.1,10,24.11841745376587,5,5
570,93.2,15,20.160272630055747,5,0
571,88.0,31,23.424275521309145,5,4
572,99.8,3,16.964787483215332,0,3
573,100.0,1,34.6961669921875,1,0
574,99.4,7,18.313319546835764,5,2
575,99.3,8,16.523797035217285,3,5
576,99.5,6,13.801268259684244,1,5
577,97.2,11,23.896455244584516,5,0
578,99.8,3,18.427975336710613,3,0
579,99.7,4,29.565288066864014,2,0
580,99.5,6,25.281201998392742,1,5
581,96.4,10,23.34182004928589,3,2
582,99.1,10,22.73042058944702,5,5
583,99.9,2,26.812225341796875,2,0
584,98.3,9,19.99619812435574,3,5
585,99.8,3,23.681191126505535,2,1
586,67.39999999999998,48,23.988091657559078,5,4
587,98.8,4,18.978116035461426,2,1
588,83.4,68,23.40138980921577,3,2
589,99.7,4,18.384708404541016,1,3
590,99.7,4,24.61835789680481,1,3
591,99.4,7,17.52684279850551,2,5
592,99.0,11,21.949489506808195,5,4
593,99.2,9,21.796087582906086,3,2
594,99.7,4,27.32707381248474,1,3
595,99.9,2,12.629234313964844,2,0
596,99.1,10,25.718357276916503,5,5
597,99.9,2,19.799970626831055,1,1
598,99.9,2,31.310755252838135,1,1
599,97.5,8,17.234441876411438,5,1
600,99.9,2,15.629236221313477,1,1
601,98.4,8,22.300362169742584,3,2
602,99.9,2,40.78892135620117,2,0
603,89.4,17,23.336640694562128,5,0
604,99.6,5,14.544686698913575,0,5
605,99.2,9,27.616937531365288,4,5
606,99.3,8,24.37619197368622,3,5
607,99.8,3,17.146342913309734,0,3
608,99.8,3,30.024985631306965,2,1
609,91.2,17,27.30325760560877,5,2
610,99.1,10,15.730114126205445,5,5
611,99.0,11,22.993686589327726,5,4
612,100.0,1,22.42413902282715,1,0
613,99.8,3,27.47083918253581,0,3
614,98.5,7,20.592300823756627,1,3
615,89.4,26,22.24338599351736,5,4
616,99.1,10,26.712479305267333,5,5
617,96.6,8,21.8764728307724,0,5
618,100.0,1,26.659273147583008,1,0
619,99.9,2,11.666006565093994,1,1
620,99.9,2,17.713547706604004,2,0
621,99.2,9,20.776954227023655,4,5
622,99.8,3,36.149223963419594,2,1
623,99.1,10,15.635071563720704,3,5
624,61.6,43,19.377423419508823,0,5
625,84.4,31,20.881397201168923,5,4
626,99.7,4,18.57500648498535,1,3
627,99.2,9,21.976770824856228,4,5
628,99.4,7,18.530245508466447,5,0
629,99.6,5,32.281371116638184,0,3
630,99.5,6,20.59095033009847,1,5
631,99.7,4,25.366195678710938,1,3
632,99.5,6,20.174594243367512,1,5
633,99.9,2,18.655898094177246,2,0
634,99.8,3,34.06330680847168,2,1
635,99.8,3,13.220106442769369,3,0
636,99.6,5,17.233064079284667,0,5
637,99.5,6,20.9232915242513,1,5
638,99.3,8,25.19552493095398,3,5
639,99.3,8,18.94872295856476,3,5
640,99.1,10,20.453732013702393,5,5
641,99.7,4,23.670812129974365,1,3
642,90.1,19,24.762436866760254,5,5
643,99.2,9,19.31746440463596,4,5
644,86.2,22,19.150417761369184,3,2
645,99.4,7,21.80253532954625,2,5
646,98.8,4,23.810401439666748,3,0
647,99.9,2,26.6590576171875,2,0
648,99.4,7,28.35424436841692,2,5
649,99.5,6,19.42779811223348,5,1
650,99.1,10,13.729728412628173,5,5
651,99.1,10,19.732468128204346,5,5
652,99.8,3,15.452584584554037,3,0
653,99.4,7,19.087115696498326,5,2
654,99.9,2,35.90270233154297,1,1
655,100.0,1,20.75271224975586,1,0
656,62.59999999999999,105,20.764992663973853,5,4
657,89.4,17,20.541641740237964,5,2
658,93.4,13,25.080621866079476,0,5
659,99.4,7,18.838674681527273,2,5
660,99.6,5,15.338768196105956,0,5
661,99.4,7,14.681711333138603,5,2
662,99.3,8,19.622748494148254,3,5
663,99.8,3,13.370673497517904,2,1
664,99.8,3,13.431981086730957,0,3
665,99.3,8,15.106981039047241,3,5
666,94.4,12,18.787404775619507,5,2
667,99.7,4,14.464500904083252,1,3
668,98.2,10,24.293338298797607,4,5
669,99.1,10,18.197937488555908,5,5
670,100.0,1,14.007024765014648,1,0
671,99.9,2,15.258010864257812,1,1
672,99.6,5,13.216752243041991,0,5
673,99.3,8,23.925421833992004,3,5
674,99.3,8,33.48460328578949,3,5
675,99.8,3,23.83855946858724,3,0
676,98.2,10,21.37319917678833,4,5
677,85.5,20,20.57695300579071,5,1
678,95.6,9,14.416611936357286,5,0
679,24.800000000000026,87,20.095143575777954,5,2
680,76.0,43,22.507459984269254,3,2
681,99.8,3,31.342447916666668,3,0
682,91.0,19,19.02758412612112,3,2
683,99.7,4,12.40199625492096,1,3
684,99.3,8,22.912727117538452,3,5
685,98.5,7,21.92852006639753,1,5
686,99.2,9,18.252551396687824,4,5
687,99.5,6,15.500916083653768,5,1
688,99.3,8,23.998440384864807,3,5
689,99.8,3,15.254465103149414,2,1
690,100.0,1,14.028064727783203,1,0
691,99.9,2,27.237643718719482,1,1
692,99.7,4,15.79602575302124,1,3
693,97.0,22,18.782160022042014,5,4
694,99.8,3,16.05432192484538,2,1
695,94.2,14,19.02022191456386,3,2
696,55.39999999999999,51,17.44705490037507,3,2
697,99.8,3,13.534164110819498,2,1
698,99.7,4,17.73037576675415,1,1
699,99.5,6,14.849371751149496,1,5
700,98.7,14,16.42926515851702,5,5
701,99.8,3,10.774884223937988,0,3
702,92.9,9,15.842832989162869,1,1
703,99.9,2,11.62377405166626,2,0
704,99.4,7,17.054770742143905,2,5
705,96.4,10,18.57942862510681,5,2
706,99.3,8,14.220649361610413,3,5
707,100.0,1,13.816499710083008,1,0
708,99.8,3,11.776097615559896,0,3
709,99.4,7,21.171713011605398,3,2
710,99.4,7,14.08526679447719,5,2
711,99.8,3,22.027903238932293,2,1
712,84.5,21,18.659495217459543,5,1
713,99.2,9,17.122943613264297,4,5
714,87.4,19,16.35333708712929,5,2
715,99.4,7,21.213237081255233,2,5
716,99.3,8,13.439221382141113,1,5
717,99.8,3,15.520492871602377,2,1
718,99.6,5,14.517610931396485,5,0
719,99.9,2,10.396329402923584,2,0
720,99.9,2,15.020321369171143,1,1
721,93.6,11,23.1601075259122,5,0
722,99.8,3,14.385015169779459,0,3
723,99.3,8,21.093343019485474,5,1
724,98.8,4,16.92600727081299,3,0
725,100.0,1,33.964664459228516,1,0
726,99.6,5,17.858370208740233,0,5
727,1.0000000000000284,118,16.649741524356905,3,2
728,98.4,8,17.922654390335083,2,5
729,99.8,3,18.504588445027668,0,3
730,99.4,7,10.381037848336357,2,5
731,99.2,9,13.847214380900065,5,2
732,99.8,3,27.4002784093221,0,3
733,99.9,2,19.734091758728027,2,0
734,99.3,8,14.216694712638855,3,5
735,99.4,7,16.921879291534424,2,5
736,98.9,3,36.127000172932945,2,0
737,99.4,7,18.031671932765416,3,2
738,100.0,1,22.233558654785156,1,0
739,99.2,9,14.985334078470865,4,5
740,99.8,3,22.073352813720703,2,1
741,99.3,8,17.700270891189575,3,5
742,99.6,5,19.631359481811522,5,0
743,100.0,1,19.205968856811523,1,0
744,99.3,8,15.521723449230194,3,5
745,99.7,4,14.459457635879517,1,3
746,99.7,4,19.302828311920166,1,3
747,99.9,2,14.063970565795898,2,0
748,99.7,4,12.614854574203491,1,3
749,99.2,9,19.509405030144585,4,5
750,99.9,2,12.304263591766357,2,0
751,99.4,7,14.406319481985909,2,5
752,99.5,6,16.846074899037678,1,5
753,99.4,7,19.240781784057617,2,5
754,99.4,7,9.545245443071638,3,2
755,99.8,3,9.281927744547525,3,0
756,99.3,8,17.101827025413513,3,5
757,100.0,1,14.893913269042969,1,0
758,99.2,9,18.269954363505047,4,5
759,99.4,7,17.6183283669608,2,5
760,98.9,3,26.54245122273763,2,0
761,99.5,6,15.559820810953775,1,5
762,99.4,7,15.09547574179513,2,5
763,99.6,5,20.2014461517334,5,0
764,99.8,3,12.445764223734537,0,3
765,99.7,4,12.246334314346313,1,1
766,99.4,7,15.320921216692243,3,2
767,99.9,2,35.40067434310913,2,0
768,99.8,3,19.78202215830485,0,3
769,99.9,2,14.522438049316406,1,1
770,98.2,10,18.63576469421387,3,2
771,99.1,10,19.084525108337402,5,5
772,99.9,2,13.47072458267212,1,1
773,99.9,2,26.196080207824707,1,1
774,98.8,4,13.928931474685669,0,3
775,99.9,2,17.01566791534424,2,0
776,99.3,8,16.740373373031616,3,5
777,99.9,2,19.682671546936035,2,0
778,99.5,6,12.906476338704428,5,1
779,99.5,6,16.141535758972168,5,1
780,99.9,2,14.49465036392212,1,1
781,99.5,6,16.286040623982746,1,5
782,99.4,7,15.58945860181536,2,5
783,99.8,3,22.622458457946777,2,1
784,99.8,3,13.455612818400065,2,1
785,99.5,6,19.814417044321697,5,1
786,99.3,8,14.181450843811035,3,5
787,99.6,5,12.742116928100586,5,0
788,99.7,4,13.220227718353271,1,3
789,99.3,8,10.03557813167572,3,5
790,53.19999999999998,73,16.09670812789708,0,5
791,99.6,5,15.538760375976562,0,5
792,99.8,3,14.919270197550455,0,3
793,99.4,7,14.081562723432269,3,2
794,99.2,9,14.038716316223145,4,5
795,100.0,1,15.279603958129883,1,0
796,99.6,5,12.402396488189698,0,5
797,99.9,2,15.751910209655762,1,1
798,99.8,3,13.808653195699057,3,0
799,99.6,5,16.448244094848633,0,5
800,99.5,6,10.987364848454794,1,5
801,99.9,2,23.216853618621826,2,0
802,99.4,7,28.61896800994873,5,2
803,99.6,5,22.779702568054198,0,5
804,100.0,1,44.81486892700195,1,0
805,99.4,7,16.263554981776647,2,5
806,99.9,2,16.661035537719727,2,0
807,100.0,1,8.7298583984375,1,0
808,99.5,6,17.287743091583252,1,5
809,97.6,25,18.47176181793213,5,2
810,99.9,2,16.25295639038086,2,0
811,99.2,9,13.812240176730686,4,5
812,99.1,10,14.138637113571168,5,5
813,99.8,3,13.519293785095215,3,0
814,98.9,12,14.839739004770914,5,5
815,99.9,2,15.646803379058838,2,0
816,99.8,3,15.00029722849528,3,0
817,99.3,8,21.458735704421997,3,5
818,99.4,7,13.789031437465123,2,5
819,99.6,5,13.4765230178833,0,5
820,99.8,3,17.475594838460285,0,3
821,99.8,3,15.386621952056885,0,3
822,97.5,8,13.595690429210663,5,1
823,99.9,2,16.87960720062256,1,1
824,99.1,10,21.173635482788086,5,5
825,98.9,3,23.95169957478841,2,0
826,99.6,5,19.645549488067626,0,3
827,99.7,4,27.95669460296631,1,3
828,99.5,6,17.673630555470783,5,1
829,98.4,8,17.849041998386383,5,2
830,99.1,10,17.293222904205322,5,5
831,99.6,5,22.96778678894043,0,5
832,99.4,7,13.787598950522286,5,2
833,99.8,3,15.213981946309408,2,1
834,99.8,3,10.883120854695639,0,3
835,99.0,11,14.665531201796098,5,4
836,99.5,6,14.985092480977377,5,1
837,99.4,7,20.887126650129044,5,2
838,99.5,6,20.61153252919515,1,5
839,99.9,2,17.53420400619507,1,1
840,99.3,8,19.972910165786743,3,5
841,99.1,10,16.71036434173584,5,5
842,99.5,6,16.80798037846883,1,5
843,99.9,2,11.883502960205078,1,1
844,99.7,4,28.772578477859497,1,3
845,100.0,1,6.740687847137451,1,0
846,99.6,5,24.67059383392334,0,5
847,99.5,6,20.064703305562336,5,1
848,99.6,5,14.718348693847656,0,5
849,99.2,9,18.781597985161675,4,5
850,99.4,7,22.599467005048478,5,2
851,99.8,3,13.430315017700195,2,1
852,99.8,3,21.733177820841473,2,1
853,99.0,11,13.781922773881393,5,4
854,99.6,5,20.3309045791626,5,0
855,99.9,2,37.15358543395996,1,1
856,99.6,5,12.620367813110352,0,5
857,100.0,1,19.28717613220215,1,0
858,99.5,6,19.574077765146892,1,5
859,99.8,3,19.6643009185791,3,0
860,99.1,10,20.06993999481201,5,5
861,99.4,7,15.00513083594186,3,2
862,99.3,8,16.51094949245453,3,5
863,99.9,2,21.0552921295166,1,1
864,99.8,3,17.351497332255047,3,0
865,99.8,3,11.578714370727539,2,1
866,99.6,5,11.736889266967774,5,0
867,99.3,8,14.426416635513306,3,5
868,99.4,7,12.375547000340053,2,5
869,99.9,2,14.180777549743652,1,1
870,99.0,11,17.733818314292215,5,4
871,100.0,1,38.29652786254883,1,0
872,100.0,1,9.190652847290039,1,0
873,99.3,8,23.14184260368347,3,5
874,98.8,13,18.91873807173509,5,4
875,99.4,7,17.07545825413295,2,5
876,99.3,8,13.852499723434448,1,5
877,99.0,11,15.897373893044211,5,4
878,99.8,3,9.115226745605469,3,0
879,99.9,2,16.830836296081543,1,1
880,99.9,2,18.749136924743652,1,1
881,99.4,7,11.419648851667132,2,5
882,99.5,6,29.815261999766033,1,3
883,99.7,4,9.791709303855896,1,3
884,100.0,1,9.306447982788086,1,0
885,100.0,1,10.738481521606445,1,0
886,97.0,13,16.36946538778452,5,4
887,99.8,3,26.687962532043457,2,1
888,99.2,9,14.685096316867405,4,5
889,99.9,2,12.50649881362915,1,1
890,99.4,7,15.786209310804095,3,2
891,94.6,19,16.436112152902705,5,4
892,99.5,6,14.74208434422811,5,1
893,99.8,3,12.785593350728353,2,1
894,99.9,2,10.947444438934326,1,1
895,99.8,3,9.884549776713053,2,1
896,99.9,2,19.55599308013916,1,1
897,99.2,9,11.974957784016928,4,5
898,99.6,5,14.164167213439942,0,5
899,99.4,7,15.363271985735212,5,2
900,99.8,3,12.043959935506185,2,1
901,99.2,9,18.243767738342285,4,5
902,99.4,7,19.671659197126115,2,5
903,99.9,2,22.68867588043213,1,1
904,99.8,3,13.992427825927734,3,0
905,99.1,10,14.610474014282227,3,5
906,99.8,3,17.24059518178304,3,0
907,99.4,7,11.843635831560407,3,2
908,99.2,9,14.564977433946398,3,2
909,99.1,10,13.199461650848388,5,5
910,99.8,3,12.85584576924642,0,3
911,99.5,6,14.29302978515625,5,1
912,86.0,24,11.350087285041809,5,4
913,99.6,5,23.981667709350585,0,5
914,99.8,3,10.387524286905924,2,1
915,99.8,3,20.832848230997723,2,1
916,88.0,22,15.928538019006902,5,4
917,99.1,10,14.764868259429932,5,5
918,99.5,6,16.49958912531535,5,1
919,99.6,5,15.97725601196289,0,5
920,99.9,2,10.354291915893555,2,0
921,99.8,3,26.612040837605793,2,1
922,99.1,10,13.00330638885498,5,5
923,99.3,8,11.369769752025604,3,5
924,99.3,8,19.285080194473267,3,5
925,99.5,6,16.897228082021076,1,5
926,92.8,10,10.448433113098144,3,0
927,98.0,21,13.838921410696846,5,2
928,99.3,8,21.111812949180603,3,5
929,99.6,5,11.94026222229004,0,5
930,94.8,8,11.996642827987671,3,0
931,99.8,3,16.08846600850423,3,0
932,99.4,7,13.027553694588798,3,2
933,99.5,6,12.657597541809082,5,1
934,99.6,5,14.453064346313477,0,5
935,99.3,8,12.326242804527283,5,1
936,99.4,7,11.221793174743652,3,2
937,99.1,10,15.26111364364624,5,5
938,98.4,8,10.516835570335388,2,5
939,99.9,2,25.816354751586914,2,0
940,98.1,11,15.2270545092496,5,1
941,99.5,6,10.827993631362915,1,5
942,99.9,2,16.044459342956543,2,0
943,99.9,2,10.686536312103271,1,1
944,99.6,5,11.662350177764893,0,5
945,99.3,8,13.391178905963898,3,5
946,100.0,1,5.776738166809082,1,0
947,99.8,3,8.62883472442627,2,1
948,99.4,7,15.102827072143555,2,5
949,99.1,10,11.043244361877441,5,5
950,99.1,10,11.041778612136842,5,5
951,99.4,7,11.70033849988665,5,2
952,99.2,9,10.910282717810738,4,5
953,99.4,7,16.82173728942871,3,2
954,99.9,2,22.074654579162598,2,0
955,99.7,4,11.74539566040039,1,3
956,99.5,6,20.02329961458842,5,1
957,99.8,3,9.629589080810547,2,1
958,98.9,12,13.586943944295248,5,1
959,99.3,8,15.292953312397003,3,5
960,99.6,5,11.90609369277954,0,5
961,99.3,8,13.47084653377533,3,5
962,99.3,8,18.873451828956604,3,5
963,99.8,3,10.746312777201334,0,3
964,99.4,7,12.846068109784808,3,2
965,99.4,7,17.11040108544486,2,5
966,99.8,3,22.17790921529134,3,0
967,99.7,4,28.69674015045166,1,3
968,84.6,20,19.348990869522094,5,0
969,96.0,14,15.771986586706978,5,4
970,99.8,3,11.12136173248291,0,3
971,99.4,7,12.72689608165196,3,2
972,99.6,5,14.082791900634765,5,0
973,99.8,3,9.699419021606445,3,0
974,99.4,7,23.865863255092076,3,2
975,99.6,5,16.64575481414795,5,0
976,99.4,7,16.352068492344447,5,2
977,99.8,3,10.35616938273112,3,0
978,99.5,6,10.689094384511312,5,1
979,99.7,4,11.188096761703491,1,3
980,99.3,8,12.905363261699677,3,5
981,100.0,1,6.297247886657715,1,0
982,100.0,1,16.7004451751709,1,0
983,99.8,3,10.414739926656088,0,3
984,99.5,6,11.878271102905273,5,1
985,99.6,5,19.139823722839356,0,5
986,99.5,6,17.74306058883667,1,5
987,99.2,9,10.342562834421793,4,5
988,99.4,7,11.701338631766182,5,2
989,99.9,2,15.763669490814209,1,1
990,98.4,8,13.145158648490906,5,2
991,100.0,1,7.742502689361572,1,0
992,99.5,6,15.856116771697998,5,1
993,99.1,10,12.052922821044922,5,5
994,99.8,3,19.93119176228841,2,1
995,99.0,11,12.13619648326527,5,4
996,99.6,5,10.805623054504395,0,5
997,99.3,8,14.13401871919632,3,5
998,99.0,11,14.152145732532848,5,4
999,86.0,24,10.76677680015564,4,5
1000,99.4,7,14.083192825317383,2,5
1001,99.8,3,17.62129275004069,3,0
1002,99.4,7,19.493793760027206,3,2
1003,99.8,3,10.726389567057291,2,1
1004,99.9,2,15.513989925384521,1,1
1005,99.1,10,13.838911294937134,5,5
1006,99.9,2,8.824166774749756,2,0
1007,99.1,10,16.54391393661499,5,5
1008,99.5,6,10.628026247024536,5,1
1009,99.8,3,31.581132888793945,2,1
1010,99.8,3,18.05950101216634,3,0
1011,99.8,3,14.123750686645508,3,0
1012,99.1,10,12.29260745048523,5,5
1013,99.5,6,15.774662176767984,5,1
1014,99.1,10,14.117442846298218,5,5
1015,99.1,10,12.119516944885254,5,5
1016,99.6,5,12.550428771972657,5,0
1017,99.8,3,8.54701280593872,2,1
1018,99.7,4,11.506187438964844,1,3
1019,99.9,2,12.390117645263672,2,0
1020,99.2,9,15.227374076843262,4,5
1021,99.0,11,11.915446758270264,5,4
1022,99.5,6,20.77678855260213,5,1
1023,99.4,7,14.69997331074306,3,2
1024,99.5,6,15.768785317738852,1,5
1025,99.7,4,14.595012903213501,1,3
1026,100.0,1,15.320058822631836,1,0
1027,99.8,3,11.236019293467203,2,1
1028,99.3,8,13.609079957008362,3,5
1029,99.4,7,14.037411281040736,3,2
1030,99.4,7,13.636860711233956,5,2
1031,99.7,4,15.48377799987793,1,3
1032,99.4,7,12.51793486731393,2,5
1033,99.8,3,16.326746622721355,2,1
1034,99.2,9,15.415824360317654,4,5
1035,99.4,7,9.66998713357108,2,5
1036,99.9,2,17.27451181411743,1,1
1037,99.6,5,16.119569396972658,5,0
1038,99.4,7,17.790717806134904,5,2
1039,99.2,9,11.733678076002333,4,5
1040,99.4,7,12.909012522016253,5,2
1041,99.4,7,13.305444172450475,5,0
1042,100.0,1,33.56822204589844,1,0
1043,99.6,5,16.84914321899414,0,5
1044,99.5,6,11.817723274230957,5,1
1045,99.1,10,11.924908971786499,5,5
1046,98.9,12,12.93739652633667,5,5
1047,100.0,1,8.931984901428223,1,0
1048,99.4,7,15.643380914415632,5,0
1049,99.0,11,14.84733416817405,5,2
1050,99.2,9,9.36810498767429,4,5
1051,99.6,5,11.558216667175293,5,0
1052,100.0,1,5.786596298217773,1,0
1053,100.0,1,9.059651374816895,1,0
1054,99.3,8,15.048613548278809,1,5
1055,82.8,20,15.076562118530273,2,1
1056,99.8,3,10.002846082051596,3,0
1057,99.1,10,14.366540336608887,5,5
1058,97.9,4,14.740808486938477,1,1
1059,99.2,9,9.452860461341011,4,5
1060,99.0,11,13.734846591949463,5,4
1061,99.8,3,12.713409105936686,2,1
1062,100.0,1,12.338289260864258,1,0
1063,98.6,6,11.74355435371399,0,5
1064,99.8,3,9.386067390441895,2,1
1065,99.0,11,14.87809384952892,5,4
1066,99.5,6,12.668471813201904,1,5
1067,99.9,2,18.838276863098145,1,1
1068,99.5,6,10.480090220769247,1,5
1069,99.4,7,8.978271280016218,5,2
1070,99.9,2,10.118996620178223,2,0
1071,69.6,35,13.261145183018275,5,0
1072,99.0,11,14.592306050387295,5,4
1073,99.7,4,16.38684916496277,1,3
1074,99.6,5,7.273208713531494,0,5
1075,98.1,11,10.31241425600919,5,5
1076,99.0,11,12.293280471454967,4,5
1077,99.8,3,12.349687576293945,0,3
1078,99.9,2,16.53755235671997,2,0
1079,100.0,1,9.779899597167969,1,0
1080,99.1,10,9.512078380584716,5,5
1081,99.8,3,15.60606320699056,3,0
1082,99.9,2,6.950335502624512,1,1
1083,99.5,6,9.625856081644693,5,1
1084,99.5,6,9.642357667287191,5,1
1085,99.9,2,24.18720579147339,1,1
1086,99.4,7,10.411705902644567,3,2
1087,99.6,5,11.37237091064453,0,5
1088,99.7,4,9.132462739944458,1,3
1089,99.8,3,10.489515622456869,3,0
1090,99.6,5,13.127049922943115,0,5
1091,99.6,5,10.487042808532715,5,0
1092,99.9,2,9.310981750488281,1,1
1093,99.4,7,13.19537081037249,5,2
1094,99.0,11,14.182927651838822,5,4
1095,99.4,7,14.15644291469029,3,2
1096,99.4,7,10.008441516331263,2,5
1097,99.2,9,14.569524023267958,4,5
1098,99.7,4,14.330512285232544,1,3
1099,99.5,6,10.130399386088053,5,1
1100,99.0,11,14.87355830452659,5,4
1101,99.4,7,14.251030376979283,5,2
1102,99.1,10,11.6798846244812,5,5
1103,99.6,5,10.21966094970703,5,0
1104,99.8,3,12.582523981730143,0,3
1105,99.6,5,11.543846321105956,0,5
1106,99.1,10,15.854742765426636,5,5
1107,99.9,2,26.297977447509766,1,1
1108,99.1,10,11.699275350570678,5,5
1109,99.4,7,13.318078858511788,3,2
1110,99.3,8,9.945545494556427,3,5
1111,99.0,11,17.669565894386984,5,4
1112,99.6,5,11.921753311157227,0,5
1113,99.9,2,11.312269687652588,2,0
1114,99.2,9,12.697578642103407,4,5
1115,99.6,5,12.558596229553222,0,3
1116,99.4,7,10.367082800183978,5,0
1117,100.0,1,7.841326713562012,1,0
1118,99.9,2,14.904032707214355,1,1
1119,99.8,3,19.08833646774292,0,3
1120,99.3,8,9.335024118423462,3,5
1121,99.9,2,11.112481594085693,2,0
1122,99.6,5,17.415153312683106,5,0
1123,99.7,4,9.14268708229065,1,3
1124,99.7,4,12.111363649368286,1,3
1125,99.5,6,17.00680637359619,5,1
1126,99.5,6,15.03205140431722,5,1
1127,99.5,6,8.812620639801025,5,1
1128,99.7,4,12.665095567703247,1,3
1129,99.4,7,16.191689218793595,5,2
1130,41.8,61,11.216398207867732,2,1
1131,99.6,5,14.024899864196778,5,0
1132,99.7,4,10.369086980819702,1,3
1133,99.4,7,8.133578845432826,5,2
1134,99.6,5,14.402299308776856,0,5
1135,99.9,2,9.369986057281494,1,1
1136,99.5,6,13.313891887664795,5,1
1137,99.5,6,10.809002796808878,1,5
1138,99.8,3,10.622753461201986,3,0
1139,99.7,4,9.874992847442627,1,3
1140,99.6,5,17.992432594299316,0,5
1141,99.8,3,6.840208689371745,2,1
1142,99.2,9,12.830525186326769,4,5
1143,99.4,7,16.295727389199392,3,2
1144,99.4,7,10.853438990456718,3,2
1145,99.9,2,8.775842189788818,2,0
1146,99.4,7,13.725585665021624,2,5
1147,98.1,11,12.47478740865534,5,5
1148,99.8,3,19.684068997701008,3,0
1149,99.3,8,13.695551455020905,3,5
1150,99.9,2,14.115132331848145,2,0
1151,99.5,6,8.900819142659506,5,1
1152,99.0,11,10.564879200675271,5,4
1153,99.8,3,9.081812858581543,0,3
1154,99.4,7,8.69326080594744,2,5
1155,99.4,7,15.288380350385394,3,2
1156,99.4,7,8.518756185259138,5,2
1157,99.1,10,12.930957078933716,5,5
1158,99.5,6,15.153561274210611,5,1
1159,99.8,3,8.602666219075521,2,1
1160,99.6,5,10.194775676727295,3,0
1161,99.2,9,9.935018910302055,5,2
1162,99.6,5,12.104887962341309,0,5
1163,99.8,3,10.05065949757894,3,0
1164,98.0,12,11.936837633450827,5,4
1165,80.9,21,11.080939179375058,1,1
1166,99.4,7,15.552928243364606,3,2
1167,99.8,3,8.892898559570312,3,0
1168,95.4,38,10.674410167493319,5,0
1169,99.0,11,10.749653556130149,5,4
1170,99.7,4,10.672165155410767,1,3
1171,99.8,3,26.39350763956706,3,0
1172,99.6,5,10.063340282440185,5,0
1173,92.0,18,10.350434674157036,5,4
1174,99.7,4,10.056138277053833,1,3
1175,99.3,8,9.908331573009491,3,5
1176,99.2,9,11.42726050482856,4,5
1177,99.8,3,10.885547955830893,3,0
1178,99.8,3,7.651042938232422,2,1
1179,99.8,3,14.3692413965861,2,1
1180,99.4,7,11.804920537131173,2,5
1181,100.0,1,17.892902374267578,1,0
1182,99.4,7,10.867920330592565,3,2
1183,99.6,5,9.814247798919677,5,0
1184,99.1,10,11.488060808181762,5,5
1185,99.8,3,18.404611110687256,0,3
1186,99.4,7,8.768224784306117,2,5
1187,99.9,2,9.207041501998901,2,0
1188,99.4,7,9.648329939161028,3,2
1189,99.6,5,12.357890129089355,5,0
1190,99.9,2,14.568726062774658,1,1
1191,99.6,5,10.281600379943848,0,5
1192,99.8,3,10.866538365681967,0,3
1193,99.4,7,7.871321065085275,5,2
1194,99.6,5,21.58247575759888,0,5
1195,99.8,3,17.312731742858887,0,3
1196,99.4,7,11.913699626922607,5,2
1197,99.9,2,16.583489418029785,1,1
1198,99.4,7,15.678210803440638,2,5
1199,99.3,8,10.920543789863586,3,5
1200,99.2,9,8.502977318233913,4,5
1201,99.8,3,9.568411191304525,2,1
1202,99.4,7,14.772149290357317,5,2
1203,99.4,7,11.324869292122978,2,5
1204,99.4,7,13.608688967568535,5,2
1205,99.9,2,14.074671268463135,2,0
1206,99.4,7,15.754579135349818,5,2
1207,99.8,3,9.620981852213541,0,3
1208,99.8,3,11.931647936503092,2,1
1209,99.8,3,5.954994519551595,3,0
1210,99.1,10,10.421079635620117,5,5
1211,99.6,5,6.9814153671264645,5,0
1212,99.0,11,8.751324566927822,5,4
1213,99.0,11,12.228886951099742,5,4
1214,99.6,5,15.05927324295044,0,5
1215,100.0,1,15.016093254089355,1,0
1216,99.6,5,9.510420322418213,5,0
1217,99.2,9,10.85627301534017,4,5
1218,99.0,11,15.293714913454922,5,4
1219,99.8,3,9.035587151845297,3,0
1220,99.6,5,12.000747871398925,0,5
1221,99.8,3,8.929207801818848,2,1
1222,99.9,2,12.229237079620361,2,0
1223,99.8,3,8.218003749847412,3,0
1224,100.0,1,33.119056701660156,1,0
1225,99.8,3,8.574493726094564,3,0
1226,98.8,13,10.547099883739765,0,5
1227,99.5,6,8.962601264317831,5,1
1228,99.5,6,17.947983344395954,1,5
1229,99.8,3,10.172572135925293,2,1
1230,99.9,2,6.663783073425293,2,0
1231,99.0,11,9.73775408484719,5,4
1232,99.1,10,11.595937395095826,5,5
1233,99.6,5,10.723540592193604,0,5
1234,99.5,6,9.832770824432373,1,5
1235,100.0,1,14.737780570983887,1,0
1236,99.1,10,11.546000337600708,5,5
1237,99.9,2,8.054665803909302,1,1
1238,99.4,7,9.680020945412773,5,2
1239,99.9,2,19.145025968551636,1,1
1240,99.8,3,7.957194646199544,0,3
1241,99.6,5,8.395861339569091,0,5
1242,99.8,3,6.521748383839925,0,3
1243,99.6,5,14.74597520828247,0,5
1244,99.5,6,11.441485246022543,5,1
1245,99.0,11,10.52114573392001,5,4
1246,99.7,4,13.716613411903381,1,3
1247,99.0,11,11.50859329917214,5,4
1248,99.6,5,8.20990161895752,0,5
1249,99.6,5,9.495306873321534,0,5
1250,99.3,8,10.523157358169556,1,5
1251,99.4,7,12.312872886657715,3,2
1252,100.0,1,6.322691440582275,1,0
1253,99.4,7,8.480116844177246,5,0
1254,99.4,7,7.792808668954032,5,2
1255,99.6,5,11.102510547637939,0,5
1256,99.0,11,11.013432719490744,5,4
1257,99.6,5,15.620021533966064,5,0
1258,99.9,2,6.8969762325286865,2,0
1259,99.9,2,18.395349502563477,2,0
1260,99.8,3,13.03205649058024,0,3
1261,99.4,7,8.633144991738456,2,5
1262,99.9,2,16.135413646697998,1,1
1263,99.2,9,11.984295580122206,4,5
1264,99.4,7,15.916062218802315,5,2
1265,99.1,10,9.918566226959229,5,5
1266,99.8,3,10.016494512557983,0,3
1267,98.9,3,4.888367176055908,1,1
1268,99.4,7,10.867967673710414,5,2
1269,99.8,3,6.344333648681641,3,0
1270,99.7,4,6.7473965883255005,1,3
1271,100.0,1,27.56977653503418,1,0
1272,99.6,5,6.857613468170166,5,0
1273,99.5,6,9.434281826019287,5,1
1274,99.9,2,7.570533752441406,2,0
1275,99.8,3,10.966455618540445,0,3
1276,99.4,7,10.335446528026036,2,5
1277,98.2,10,11.786631011962891,4,5
1278,99.6,5,8.954681301116944,0,5
1279,99.6,5,9.891358184814454,5,0
1280,99.3,8,7.98559045791626,3,5
1281,99.0,11,8.529501394792037,5,4
1282,100.0,1,12.639167785644531,1,0
1283,99.5,6,11.263369878133139,1,5
1284,99.8,3,7.927539030710856,2,1
1285,99.6,5,6.963158226013183,0,5
1286,99.5,6,11.479805628458658,1,5
1287,99.3,8,6.585912466049194,3,5
1288,99.5,6,7.377961039543152,5,1
1289,99.4,7,9.210894448416573,2,5
1290,99.4,7,10.20534542628697,2,5
1291,99.9,2,8.772468566894531,1,1
1292,99.0,11,9.334622773257168,5,4
1293,99.1,10,11.348390054702758,5,5
1294,99.4,7,9.735840048108782,2,5
1295,99.4,7,9.426315920693535,2,5
1296,99.7,4,8.440793991088867,1,3
1297,99.4,7,8.450771604265485,5,2
1298,99.8,3,8.476220607757568,3,0
1299,99.4,7,11.60132612500872,3,2
1300,99.8,3,18.38627338409424,2,1
1301,99.8,3,15.634389241536459,0,3
1302,99.8,3,8.157595157623291,0,3
1303,99.0,11,10.477006088603627,4,5
1304,99.6,5,10.944679450988769,0,5
1305,99.9,2,14.295029163360596,1,1
1306,99.5,6,7.813102801640828,5,1
1307,99.2,9,7.9474161465962725,4,5
1308,99.4,7,9.08753844669887,5,2
1309,99.5,6,10.974326451619467,1,5
1310,99.2,9,12.386969407399496,4,5
1311,99.8,3,12.728551069895426,2,1
1312,99.8,3,11.59491523106893,0,3
1313,99.9,2,7.464787244796753,2,0
1314,99.9,2,7.823055028915405,2,0
1315,99.1,10,8.005893325805664,5,5
1316,99.8,3,12.162813027699789,3,0
1317,100.0,1,6.819875717163086,1,0
1318,99.5,6,7.1478292147318525,1,5
1319,99.9,2,4.488770127296448,2,0
1320,99.4,7,9.300895827157158,2,5
1321,99.1,10,10.566734409332275,5,5
1322,99.5,6,9.546995004018148,1,5
1323,99.4,7,8.343724659511022,2,5
1324,99.9,2,8.832768440246582,1,1
1325,99.8,3,8.053601741790771,3,0
1326,99.4,7,6.269459656306675,3,2
1327,99.4,7,10.28413530758449,3,2
1328,99.9,2,5.275611400604248,1,1
1329,99.9,2,5.677257061004639,2,0
1330,100.0,1,11.947488784790039,1,0
1331,99.8,3,7.994957288106282,2,1
1332,99.5,6,10.211582899093628,5,1
1333,99.6,5,5.781083345413208,5,0
1334,99.5,6,7.439415057500203,5,1
1335,99.9,2,9.593758583068848,1,1
1336,99.7,4,10.415616631507874,1,3
1337,99.8,3,9.069365819295248,0,3
1338,99.5,6,6.028939485549927,5,1
1339,99.8,3,7.4583977063496905,3,0
1340,99.1,10,8.3060932636261,5,5
1341,100.0,1,7.574362754821777,1,0
1342,99.0,11,9.496344739740545,5,4
1343,99.4,7,7.477741854531424,3,2
1344,99.6,5,12.387264442443847,0,5
1345,99.9,2,6.716679811477661,1,1
1346,100.0,1,7.694067478179932,1,0
1347,92.8,10,9.935760402679444,2,1
1348,99.5,6,6.127535502115886,1,5
1349,99.3,8,8.377264440059662,3,5
1350,99.6,5,7.550954723358155,5,0
1351,100.0,1,5.938347816467285,1,0
1352,99.5,6,6.114683469136556,5,1
1353,99.5,6,8.69928534825643,1,5
1354,99.6,5,8.960078811645507,5,0
1355,99.8,3,11.999591986338297,3,0
1356,99.4,7,6.373268399919782,2,5
1357,99.4,7,7.744627475738525,5,2
1358,99.6,5,5.479146671295166,5,0
1359,99.5,6,9.062747875849405,1,5
1360,99.4,7,6.7786736488342285,3,2
1361,99.9,2,8.649899959564209,1,1
1362,99.0,11,7.961003043434837,5,4
1363,99.5,6,6.3319675127665205,1,5
1364,99.4,7,5.873317173549107,5,2
1365,99.6,5,10.45804328918457,0,5
1366,100.0,1,15.888443946838379,1,0
1367,99.3,8,11.295907974243164,1,3
1368,99.8,3,6.846761067708333,2,1
1369,99.3,8,13.333091855049133,3,5
1370,99.9,2,6.834049224853516,2,0
1371,99.0,11,10.685054258866744,5,4
1372,99.8,3,5.87754758199056,2,1
1373,99.6,5,11.421865749359132,0,5
1374,99.5,6,8.005916357040405,5,1
1375,99.4,7,8.982063565935407,5,2
1376,99.5,6,9.490080197652182,1,5
1377,100.0,1,4.429973602294922,1,0
1378,99.4,7,13.505150522504534,5,2
1379,99.3,8,11.109392404556274,3,5
1380,100.0,1,6.820772647857666,1,0
1381,99.2,9,9.253323184119331,4,5
1382,99.8,3,6.964007377624512,3,0
1383,99.4,7,12.835970401763916,5,2
1384,99.8,3,8.175095399220785,2,1
1385,99.7,4,7.829639673233032,1,3
1386,99.9,2,5.6655473709106445,1,1
1387,99.8,3,7.704482078552246,3,0
1388,99.4,7,7.393171651022775,3,2
1389,99.6,5,8.759732913970947,5,0
1390,99.5,6,9.35889450709025,5,1
1391,99.8,3,6.633481343587239,0,3
1392,99.6,5,7.653190660476684,0,5
1393,92.8,10,7.909845161437988,2,1
1394,99.7,4,7.353136360645294,1,3
1395,99.7,4,6.737758755683899,1,3
1396,99.9,2,6.375337839126587,2,0
1397,99.4,7,7.468381132398333,2,5
1398,100.0,1,6.166479110717773,1,0
1399,99.8,3,7.971574147542317,0,3
1400,99.8,3,14.207185427347818,0,3
1401,99.8,3,7.345250765482585,2,1
1402,99.4,7,7.2017301831926614,2,5
1403,99.4,7,6.386136736188616,5,2
1404,99.2,9,9.60143150223626,4,5
1405,99.9,2,6.404942274093628,1,1
1406,99.4,7,8.835040296827044,2,5
1407,99.2,9,6.5966584417555065,4,5
1408,99.9,2,8.744524240493774,1,1
1409,100.0,1,3.2330150604248047,1,0
1410,99.0,11,8.071879386901855,5,4
1411,99.3,8,10.841991186141968,3,5
1412,99.8,3,6.632880687713623,3,0
1413,99.3,8,6.903814494609833,3,5
1414,99.9,2,8.008587121963501,2,0
1415,99.6,5,5.24749002456665,0,5
1416,99.9,2,6.947801113128662,2,0
1417,99.9,2,8.964805603027344,1,1
1418,99.4,7,8.250577245439802,3,2
1419,98.4,8,10.347271978855133,5,2
1420,99.5,6,7.672224998474121,1,5
1421,99.8,3,16.944466590881348,0,3
1422,100.0,1,5.477270603179932,1,0
1423,99.8,3,8.566776275634766,0,3
1424,99.8,3,7.415455500284831,3,0
1425,99.0,11,6.8801608952608975,5,4
1426,99.8,3,7.284563700358073,3,0
1427,99.9,2,7.236124515533447,1,1
1428,99.9,2,7.569998502731323,2,0
1429,99.4,7,11.19724018233163,2,5
1430,99.6,5,7.843487739562988,0,5
1431,99.8,3,9.667115688323975,2,1
1432,99.8,3,9.481510957082113,0,3
1433,99.2,9,8.243908723195394,4,5
1434,99.4,7,12.576719284057617,2,5
1435,99.5,6,8.478760162989298,5,1
1436,99.4,7,9.545929874692645,5,2
1437,99.8,3,7.957253297170003,3,0
1438,99.8,3,7.972541173299153,2,1
1439,99.5,6,12.080145835876465,5,1
1440,99.2,9,9.098854488796658,4,5
1441,99.4,7,7.327992643628802,3,2
1442,99.8,3,5.605507532755534,0,3
1443,99.4,7,7.624044282095773,3,2
1444,99.1,10,6.635659646987915,5,5
1445,99.7,4,7.203235149383545,1,3
1446,99.0,11,7.488811883059415,5,4
1447,99.4,7,11.016034058162145,3,2
1448,99.6,5,6.871667766571045,0,5
1449,99.5,6,6.560644070307414,1,5
1450,99.5,6,10.601022243499756,1,5
1451,99.8,3,4.560796578725179,0,3
1452,99.4,7,5.157294750213623,3,2
1453,99.3,8,7.936128377914429,3,5
1454,99.4,7,8.149403708321708,5,2
1455,99.9,2,7.151376724243164,1,1
1456,99.9,2,6.695525407791138,1,1
1457,99.8,3,7.003443082173665,3,0
1458,99.1,10,8.702349185943604,5,5
1459,99.8,3,7.135314464569092,0,3
1460,99.1,10,8.19745693206787,5,5
1461,99.2,9,10.644129117329916,5,2
1462,99.4,7,7.07285475730896,5,2
1463,99.8,3,6.535333156585693,0,3
1464,99.1,10,9.098363494873047,5,5
1465,99.4,7,10.700962339128766,5,2
1466,99.6,5,5.917601108551025,0,5
1467,99.4,7,10.89813232421875,5,2
1468,99.6,5,5.6496522426605225,0,5
1469,99.1,10,12.303835606575012,5,5
1470,99.1,10,7.140471124649048,5,5
1471,99.6,5,11.756177043914795,0,5
1472,99.3,8,6.690012872219086,3,5
1473,99.8,3,10.362268924713135,2,1
1474,99.8,3,13.671575864156088,3,0
1475,99.5,6,9.014765977859497,1,5
1476,99.8,3,7.734660784403483,0,3
1477,99.0,11,7.894505587491122,5,4
1478,99.8,3,6.216604391733806,3,0
1479,99.4,7,6.860757214682443,5,2
1480,99.1,10,5.893571972846985,1,3
1481,99.0,11,11.680543487722224,5,4
1482,99.5,6,8.690927187601725,5,1
1483,99.9,2,6.076976537704468,1,1
1484,99.8,3,5.954515298207601,2,1
1485,99.8,3,8.191190083821615,0,3
1486,99.9,2,6.415203332901001,2,0
1487,99.4,7,8.07350264276777,3,2
1488,99.3,8,7.255879819393158,3,5
1489,99.8,3,5.038578987121582,2,1
1490,96.3,38,8.464598963135167,1,3
1491,99.6,5,6.602942085266113,5,0
1492,99.5,6,10.173611799875895,5,1
1493,93.5,57,9.372508350171541,1,3
1494,99.3,8,6.471290677785873,3,5
1495,100.0,1,4.688297748565674,1,0
1496,99.3,8,8.656124472618103,3,5
1497,99.8,3,7.029966513315837,2,1
1498,99.0,11,7.442485765977339,5,4
1499,100.0,1,5.5685906410217285,1,0
1500,99.3,8,8.187239110469818,3,5
1501,100.0,1,4.694874286651611,1,0
1502,100.0,1,5.389988899230957,1,0
1503,99.8,3,8.015593846638998,0,3
1504,99.8,3,8.189716657002768,3,0
1505,99.4,7,6.071221283503941,2,5
1506,99.4,7,6.130903720855713,2,5
1507,99.9,2,11.287684440612793,2,0
1508,99.8,3,8.606054147084555,3,0
1509,100.0,1,6.149158000946045,1,0
1510,99.4,7,8.408943857465472,2,5
1511,98.0,12,9.092428108056387,5,4
1512,99.9,2,4.561189293861389,1,1
1513,99.7,4,7.622103691101074,1,3
1514,99.2,9,5.673246701558431,4,5
1515,99.7,4,11.284862875938416,1,3
1516,99.7,4,6.877315044403076,1,3
1517,99.8,3,5.294257164001465,3,0
1518,99.8,3,12.5056471824646,2,1
1519,99.5,6,6.554674347241719,5,1
1520,99.4,7,6.9831036158970425,5,2
1521,99.9,2,5.132072925567627,2,0
1522,99.4,7,8.399073430470057,3,2
1523,99.7,4,5.258330464363098,1,3
1524,99.8,3,6.692744096120198,3,0
1525,99.8,3,7.998082796732585,2,1
1526,99.2,9,7.3073709805806475,4,5
1527,99.0,11,5.228165409781716,5,4
1528,99.9,2,8.794126272201538,2,0
1529,99.9,2,8.467816829681396,2,0
1530,99.8,3,5.080840587615967,3,0
1531,99.0,11,12.996382453224875,5,4
1532,99.2,9,8.564050833384195,5,2
1533,99.4,7,11.994046517780848,0,5
1534,99.8,3,4.296918153762817,0,3
1535,99.0,11,9.967200561003251,5,4
1536,99.3,8,7.70517110824585,3,5
1537,99.1,10,6.0689870595932005,5,5
1538,99.8,3,8.58663813273112,2,1
1539,100.0,1,5.233006954193115,1,0
1540,99.4,7,7.626584666115897,2,5
1541,99.5,6,9.385119756062826,5,1
1542,99.4,7,6.9460159710475375,3,2
1543,99.3,8,7.2248989045619965,3,5
1544,99.8,3,13.063538710276285,0,3
1545,99.3,8,5.901484131813049,3,5
1546,99.7,4,9.426850140094757,1,3
1547,99.4,7,4.183404428618295,2,5
1548,99.5,6,5.9694176117579145,5,1
1549,99.6,5,6.815734910964966,5,0
1550,100.0,1,6.749162673950195,1,0
1551,99.9,2,6.278438568115234,2,0
1552,99.6,5,5.853753185272216,0,5
1553,99.2,9,6.501084989971584,4,5
1554,99.4,7,5.895580359867641,2,5
1555,100.0,1,4.111869812011719,1,0
1556,99.5,6,6.764667789141337,5,1
1557,99.1,10,5.479772734642029,5,5
1558,99.2,9,9.809780650668674,4,5
1559,99.4,7,7.869287354605539,2,5
1560,99.6,5,5.899173641204834,5,0
1561,99.5,6,8.317582845687866,5,1
1562,99.8,3,5.706095536549886,2,1
1563,99.8,3,6.927857955296834,0,3
1564,99.9,2,13.791924715042114,1,1
1565,99.3,8,6.122133851051331,3,5
1566,99.4,7,6.60285827091762,5,2
1567,100.0,1,2.855289936065674,1,0
1568,99.8,3,7.330985387166341,3,0
1569,99.7,4,7.420447051525116,1,3
1570,99.5,6,9.148866971333822,1,5
1571,99.9,2,5.02772068977356,1,1
1572,99.8,3,14.94313637415568,2,1
1573,99.6,5,6.251914978027344,0,5
1574,99.7,4,6.141276836395264,1,3
1575,99.9,2,4.338870048522949,2,0
1576,99.8,3,8.132999261220297,2,1
1577,99.8,3,7.447280565897624,2,1
1578,99.2,9,9.585064676072863,4,5
1579,99.8,3,6.435827096303304,0,3
1580,99.7,4,7.8604655265808105,1,3
1581,99.6,5,8.216230297088623,5,0
1582,99.4,7,5.888820852552142,5,2
1583,99.4,7,10.452293804713658,2,5
1584,99.9,2,6.837072134017944,1,1
1585,99.9,2,5.7650229930877686,2,0
1586,99.6,5,6.604381370544433,0,5
1587,98.4,8,6.808028995990753,3,2
1588,99.2,9,8.056273566351997,4,5
1589,100.0,1,3.856642723083496,1,0
1590,99.6,5,8.305817985534668,0,5
1591,99.8,3,6.726510365804036,0,3
1592,99.3,8,5.558669865131378,3,5
1593,99.4,7,7.9666861806597025,2,5
1594,99.9,2,4.739547252655029,2,0
1595,99.1,10,7.332016658782959,5,5
1596,99.4,7,5.858649117606027,5,2
1597,99.5,6,5.4858793417612715,1,5
1598,99.0,11,5.210869464007291,5,4
1599,99.6,5,6.1692273139953615,5,0
1600,99.5,6,6.091703295707703,5,1
1601,99.9,2,5.592139482498169,1,1
1602,99.9,2,5.3515918254852295,2,0
1603,99.8,3,14.373908201853434,0,3
1604,99.3,8,7.292860627174377,3,5
1605,99.8,3,4.785251617431641,0,3
1606,100.0,1,6.74520206451416,1,0
1607,99.5,6,11.980755805969238,1,5
1608,99.8,3,12.836152871449789,0,3
1609,100.0,1,15.927906036376953,1,0
1610,99.4,7,8.670258181435722,2,5
1611,99.9,2,8.673758506774902,1,1
1612,99.0,11,9.78655370798978,5,4
1613,99.8,3,9.82564640045166,0,3
1614,99.4,7,9.020746571677071,3,2
1615,99.9,2,7.529874086380005,1,1
1616,99.4,7,10.967205217906407,2,5
1617,99.0,11,5.50803821737116,5,4
1618,99.4,7,5.596439770289829,2,5
1619,99.0,11,5.2838521003723145,5,4
1620,99.4,7,7.73359615462167,5,2
1621,99.7,4,4.156434118747711,1,3
1622,99.2,9,3.524693489074707,4,5
1623,100.0,1,10.611727714538574,1,0
1624,99.0,11,8.149996714158492,5,4
1625,99.8,3,4.1546980539957685,3,0
1626,99.2,9,5.0991603003607855,4,5
1627,99.4,7,5.260702269417899,5,2
1628,99.2,9,6.466817511452569,4,5
1629,99.1,10,6.5297443151474,5,5
1630,99.8,3,7.228172620137532,0,3
1631,99.8,3,7.876664956410726,0,3
1632,99.0,11,6.641181924126365,5,4
1633,99.8,3,6.965422471364339,0,3
1634,99.2,9,7.981240484449598,4,5
1635,100.0,1,11.171326637268066,1,0
1636,98.5,7,4.854347603661673,5,1
1637,99.8,3,5.723260879516602,0,3
1638,99.9,2,6.7429358959198,2,0
1639,99.4,7,6.874713693346296,3,2
1640,99.5,6,5.098322947820027,5,1
1641,99.4,7,7.631593567984445,5,2
1642,99.1,10,4.002755606174469,5,5
1643,99.5,6,6.075189630190532,1,5
1644,99.5,6,4.641559720039368,1,5
1645,99.9,2,2.9302899837493896,1,1
1646,100.0,1,3.7791953086853027,1,0
1647,99.7,4,8.28374195098877,1,3
1648,99.5,6,6.768856644630432,1,5
1649,99.8,3,11.038983345031738,0,3
1650,99.5,6,6.346374432245891,5,1
1651,99.8,3,6.160124937693278,3,0
1652,99.1,10,6.420904731750488,5,5
1653,99.5,6,10.419559915860495,5,1
1654,99.4,7,6.436812605176653,3,2
1655,99.4,7,6.068512984684536,3,2
1656,99.0,11,6.256404703313654,5,4
1657,99.8,3,6.00446613629659,0,3
1658,99.6,5,4.012425565719605,0,5
1659,99.8,3,4.7928065458933515,0,3
1660,98.2,10,5.103870797157287,4,5
1661,99.4,7,6.638518129076276,3,2
1662,99.0,11,5.1969922022386035,5,4
1663,99.4,7,5.439326558794294,2,5
1664,99.4,7,6.078030347824097,2,5
1665,99.6,5,5.140824222564698,0,5
1666,99.7,4,4.725951910018921,1,3
1667,99.6,5,4.345027065277099,5,0
1668,99.1,10,4.059614062309265,5,5
1669,99.9,2,4.072152614593506,2,0
1670,99.8,3,5.5533162752787275,3,0
1671,100.0,1,3.7937216758728027,1,0
1672,99.2,9,8.310340536965263,5,2
1673,99.2,9,5.092363993326823,4,5
1674,99.9,2,8.306953430175781,1,1
1675,99.5,6,12.476689298947653,5,1
1676,99.7,4,7.512722849845886,1,3
1677,99.8,3,7.097095807393392,2,1
1678,99.4,7,5.083689791815622,5,2
1679,99.1,10,5.823771858215332,5,5
1680,99.2,9,6.313548405965169,4,5
1681,99.4,7,4.298509035791669,5,2
1682,99.7,4,6.900065064430237,1,3
1683,99.8,3,4.703571319580078,0,3
1684,99.4,7,5.668663706098284,2,5
1685,99.5,6,6.215902964274089,1,5
1686,99.7,4,7.283692359924316,1,3
1687,99.5,6,7.106956084569295,1,5
1688,99.9,2,4.303495168685913,2,0
1689,99.6,5,4.74794864654541,5,0
1690,99.4,7,4.266601000513349,5,2
1691,99.5,6,7.268474260965983,5,1
1692,100.0,1,10.071022033691406,1,0
1693,100.0,1,13.392095565795898,1,0
1694,99.5,6,5.1257078647613525,1,5
1695,99.6,5,6.1024861335754395,0,5
1696,99.5,6,5.262730558713277,1,3
1697,99.3,8,5.407064646482468,3,5
1698,99.3,8,4.466295495629311,3,5
1699,99.9,2,8.280594110488892,1,1
1700,99.8,3,4.316317478815715,3,0
1701,100.0,1,10.246416091918945,1,0
1702,99.6,5,5.438559579849243,5,0
1703,99.7,4,5.509309947490692,1,3
1704,99.6,5,3.473384714126587,0,5
1705,99.6,5,4.6370023727417,5,0
1706,99.9,2,4.52173638343811,1,1
1707,99.6,5,4.771285152435302,5,0
1708,99.4,7,9.325295295034136,2,5
1709,99.7,4,5.660371363162994,1,3
1710,99.9,2,2.8288090229034424,2,0
1711,99.9,2,4.493602633476257,2,0
1712,99.4,7,5.927393572671073,3,2
1713,99.8,3,4.870512008666992,0,3
1714,99.6,5,4.645772933959961,0,5
1715,99.7,4,5.213118731975555,1,3
1716,99.3,8,5.962283730506897,3,5
1717,99.5,6,4.2935813665390015,5,1
1718,99.8,3,5.440144777297974,0,3
1719,99.5,6,3.9258033434549966,5,1
1720,99.6,5,5.237330913543701,0,5
1721,99.5,6,5.680722157160441,1,5
1722,99.4,7,4.269737345831735,5,2
1723,99.9,2,3.570447325706482,2,0
1724,99.1,10,5.268840551376343,5,5
1725,99.9,2,4.072831988334656,1,1
1726,99.8,3,4.167252858479817,3,0
1727,99.9,2,7.580803632736206,2,0
1728,99.8,3,5.898178180058797,0,3
1729,99.5,6,5.070988178253174,1,5
1730,99.3,8,4.426494985818863,3,5
1731,99.8,3,3.564659595489502,0,3
1732,99.4,7,4.475973503930228,5,2
1733,99.6,5,5.520128631591797,5,0
1734,99.8,3,4.491548379262288,0,3
1735,99.9,2,5.864024639129639,1,1
1736,99.4,7,4.850714445114136,2,5
1737,99.8,3,5.422058025995891,3,0
1738,99.6,5,4.337208986282349,5,0
1739,100.0,1,3.6161231994628906,1,0
1740,99.3,8,7.487341433763504,3,5
1741,99.6,5,3.67791805267334,3,0
1742,99.4,7,6.1100351469857355,2,5
1743,99.8,3,4.087560812632243,2,1
1744,99.8,3,6.378769238789876,2,1
1745,99.2,9,4.159418900807698,4,5
1746,99.4,7,4.272380726678031,2,5
1747,99.6,5,4.103676176071167,0,5
1748,99.8,3,5.486308574676514,2,1
1749,99.3,8,5.453253120183945,3,5
1750,99.0,11,6.017888806082985,5,4
1751,100.0,1,3.6682474613189697,1,0
1752,99.4,7,5.720282452447074,3,2
1753,99.8,3,4.767799615859985,0,3
1754,99.3,8,4.91688796877861,3,5
1755,99.9,2,6.951826572418213,2,0
1756,99.3,8,6.857607007026672,3,5
1757,99.4,7,7.2850523335593085,2,5
1758,100.0,1,4.349427223205566,1,0
1759,99.5,6,3.625252445538839,1,5
1760,99.6,5,4.641473770141602,5,0
1761,99.4,7,4.411935431616647,5,2
1762,99.2,9,4.888930453194512,4,5
1763,99.0,11,7.4815850691361865,3,2
1764,99.9,2,6.363029718399048,1,1
1765,99.5,6,4.147333820660909,1,5
1766,99.3,8,5.3534175157547,3,5
1767,99.4,7,3.5430435112544467,2,5
1768,99.4,7,3.710546152932303,5,2
1769,99.8,3,3.8402438163757324,2,1
1770,98.7,5,3.6322168350219726,1,3
1771,99.8,3,5.054013252258301,0,3
1772,99.4,7,3.8435487747192383,3,2
1773,99.8,3,5.377518137296041,0,3
1774,99.7,4,3.385013520717621,1,3
1775,99.9,2,4.609516382217407,1,1
1776,100.0,1,11.618927955627441,1,0
1777,99.9,2,8.203563570976257,2,0
1778,100.0,1,4.3867292404174805,1,0
1779,99.6,5,4.81571364402771,0,5
1780,99.4,7,4.892176151275635,5,2
1781,99.6,5,4.262975120544434,0,5
1782,99.5,6,3.434921463330587,5,1
1783,99.4,7,3.9170927660805837,5,2
1784,99.3,8,4.917587965726852,3,5
1785,99.8,3,4.721247275670369,2,1
1786,99.6,5,7.591025924682617,0,5
1787,99.1,10,7.021040391921997,5,5
1788,99.0,11,4.35060698335821,5,4
1789,99.4,7,4.0375977754592896,3,2
1790,99.6,5,4.681248712539673,5,0
1791,99.3,8,3.3691373467445374,3,5
1792,99.0,11,5.584405075420033,5,4
1793,99.1,10,4.423982071876526,5,5
1794,99.9,2,5.851189851760864,1,1
1795,99.4,7,5.099693502698626,3,2
1796,99.5,6,4.708048383394877,1,5
1797,99.5,6,5.737243890762329,5,1
1798,99.6,5,3.0056097507476807,0,5
1799,99.2,9,4.071486009491815,4,5
1800,99.8,3,5.53648575146993,3,0
1801,99.4,7,5.047250509262085,3,2
1802,99.3,8,3.579012542963028,5,1
1803,99.3,8,3.0711276531219482,3,5
1804,99.4,7,3.6864822932652066,5,2
1805,100.0,1,2.8173673152923584,1,0
1806,99.6,5,3.9677635192871095,5,0
1807,99.4,7,3.4630004337855746,3,2
1808,99.9,2,2.6304720640182495,2,0
1809,99.4,7,4.027557815824236,5,2
1810,99.9,2,5.169442415237427,2,0
1811,99.4,7,4.978775875908988,3,2
1812,99.4,7,3.6059254918779646,5,2
1813,100.0,1,6.080999374389648,1,0
1814,99.8,3,4.155563116073608,3,0
1815,99.8,3,3.5628161430358887,3,0
1816,99.8,3,5.599412123362224,3,0
1817,99.3,8,4.1020298302173615,3,5
1818,99.8,3,5.322456995646159,2,1
1819,99.4,7,4.345196144921439,2,5
1820,99.7,4,3.5611069798469543,1,3
1821,99.4,7,4.056359325136457,3,2
1822,99.7,4,3.743536949157715,1,3
1823,99.8,3,3.0134297211964927,0,3
1824,99.4,7,4.8811465331486295,5,2
1825,99.6,5,3.371726369857788,5,0
1826,99.5,6,4.9021323919296265,5,1
1827,99.2,9,4.164887719684177,2,5
1828,99.4,7,4.38756969996861,5,2
1829,99.6,5,5.561784076690674,0,5
1830,99.8,3,7.222516854604085,2,1
1831,99.5,6,4.094272534052531,1,5
1832,100.0,1,3.279479503631592,1,0
1833,99.6,5,7.0628681659698485,0,5
1834,99.7,4,4.387810945510864,1,3
1835,99.8,3,2.499565283457438,2,1
1836,99.9,2,5.194197654724121,2,0
1837,99.9,2,2.4866979122161865,1,1
1838,99.3,8,3.9676727950572968,3,5
1839,99.4,7,6.521046008382525,5,2
1840,99.5,6,4.791626373926799,1,5
1841,99.7,4,3.632770448923111,1,3
1842,99.6,5,3.48303017616272,5,0
1843,99.9,2,3.595883369445801,1,1
1844,99.5,6,2.8519429564476013,5,1
1845,99.0,11,3.6988547932017934,5,4
1846,98.3,9,4.740769412782457,3,5
1847,99.8,3,3.0185622374216714,3,0
1848,99.8,3,5.62925918896993,2,1
1849,99.8,3,4.624494234720866,0,3
1850,99.5,6,4.356180349985759,1,5
1851,99.9,2,7.939366936683655,2,0
1852,99.6,5,3.783984088897705,5,0
1853,99.3,8,5.157214015722275,3,5
1854,99.7,4,7.482977747917175,1,3
1855,100.0,1,1.9064452648162842,1,0
1856,99.9,2,4.907291531562805,2,0
1857,99.0,11,4.372247024015947,5,4
1858,99.5,6,3.7598015467325845,1,5
1859,99.9,2,3.6452646255493164,2,0
1860,99.3,8,2.9869637489318848,3,5
1861,99.7,4,3.8317351937294006,1,3
1862,99.8,3,3.6437065601348877,3,0
1863,99.4,7,4.871040514537266,2,5
1864,99.6,5,5.282381582260132,5,0
1865,99.8,3,3.6502159436543784,0,3
1866,99.0,11,4.724064761942083,5,4
1867,99.1,10,3.6670316457748413,5,5
1868,99.4,7,2.5493378128324236,2,5
1869,99.9,2,3.9826743602752686,1,1
1870,99.5,6,4.280919790267944,1,5
1871,99.5,6,4.486568033695221,5,1
1872,99.5,6,8.325871547063192,1,5
1873,99.8,3,3.90246319770813,0,3
1874,99.0,11,5.18101954460144,5,4
1875,99.5,6,6.410516897837321,1,5
1876,99.5,6,5.555450280507405,5,1
1877,99.4,7,6.897819212504795,3,2
1878,99.4,7,4.185204948697772,5,2
1879,99.6,5,3.9745062828063964,0,5
1880,100.0,1,2.2534031867980957,1,0
1881,99.9,2,6.330927729606628,1,1
1882,99.5,6,3.578483819961548,1,5
1883,99.6,5,3.465000295639038,0,5
1884,99.5,6,9.39013691743215,5,1
1885,99.4,7,2.935219015393938,5,2
1886,99.2,9,4.087790224287245,4,5
1887,99.4,7,4.077027388981411,5,2
1888,99.8,3,2.0996580918629966,0,3
1889,99.4,7,4.653051291193281,5,2
1890,99.1,10,3.4710026502609255,5,5
1891,99.4,7,4.303449494498117,5,2
1892,99.4,7,3.7584234305790494,2,5
1893,99.7,4,2.538731127977371,1,3
1894,99.8,3,2.182765324910482,0,3
1895,99.6,5,2.818750023841858,0,5
1896,99.3,8,3.581536501646042,3,5
1897,99.5,6,3.610211809476217,1,5
1898,99.8,3,3.000880479812622,0,3
1899,99.4,7,2.7997764008385793,2,5
1900,100.0,1,6.430986404418945,1,0
1901,99.4,7,3.5324647426605225,2,5
1902,99.7,4,3.9397738575935364,1,3
1903,99.9,2,5.056309461593628,1,1
1904,99.8,3,4.899920384089152,3,0
1905,95.4,11,3.6918023499575527,5,2
1906,99.4,7,3.4933882100241527,5,2
1907,99.9,2,6.443353891372681,1,1
1908,99.5,6,2.987597187360128,1,5
1909,99.3,8,5.353289693593979,5,1
1910,99.1,10,4.080295920372009,5,5
1911,99.0,11,4.100403070449829,5,4
1912,99.6,5,2.82746262550354,0,5
1913,99.3,8,2.8941020518541336,3,5
1914,99.7,4,6.841742277145386,1,3
1915,99.6,5,3.1012531042099,0,3
1916,99.2,9,3.3770022789637246,4,5
1917,99.6,5,3.6249273300170897,0,5
1918,99.8,3,4.983312686284383,2,1
1919,99.8,3,4.221957445144653,2,1
1920,99.9,2,1.8889403939247131,1,1
1921,99.1,10,3.411545753479004,5,5
1922,99.6,5,2.167308139801025,0,5
1923,99.8,3,3.078460216522217,2,1
1924,99.4,7,3.062063591820853,3,2
1925,99.9,2,2.7129087448120117,2,0
1926,99.5,6,3.4690677523612976,1,5
1927,99.6,5,3.6627254724502563,0,5
1928,99.5,6,3.644025425116221,1,5
1929,99.9,2,3.33171010017395,2,0
1930,99.0,11,3.75198431448503,5,4
1931,99.9,2,4.446504354476929,2,0
1932,99.8,3,11.958629290262857,0,3
1933,99.9,2,2.5637534856796265,1,1
1934,99.3,8,5.707262918353081,3,5
1935,99.0,11,4.24869517846541,5,4
1936,99.9,2,2.100948214530945,2,0
1937,99.7,4,4.007034480571747,1,3
1938,99.0,11,4.501560850576921,5,4
1939,99.9,2,5.0932700634002686,1,1
1940,99.9,2,2.619195580482483,1,1
1941,99.4,7,3.8085220711571828,2,5
1942,100.0,1,2.5937840938568115,1,0
1943,99.4,7,2.356211883681161,2,5
1944,99.2,9,3.3899556398391724,4,5
1945,99.4,7,4.676248822893415,3,2
1946,100.0,1,2.2208001613616943,1,0
1947,99.3,8,2.651605010032654,3,5
1948,99.5,6,6.956014434496562,1,5
1949,100.0,1,2.7849507331848145,1,0
1950,99.2,9,5.600848171446058,4,5
1951,99.8,3,2.861405293146769,2,1
1952,99.8,3,2.8111734787623086,3,0
1953,99.9,2,2.6348155736923218,2,0
1954,99.6,5,4.076270961761475,5,0
1955,99.8,3,2.331666946411133,0,3
1956,99.6,5,3.0383763313293457,5,0
1957,99.9,2,2.272119700908661,1,1
1958,99.7,4,3.8958127796649933,1,3
1959,99.5,6,2.232507367928823,1,5
1960,99.5,6,3.2698107163111367,5,1
1961,99.3,8,2.1656563133001328,3,5
1962,99.4,7,3.0602509805134366,5,2
1963,98.7,14,3.4496501088142395,3,5
1964,99.0,11,3.429648919539018,5,4
1965,99.9,2,3.120697498321533,1,1
1966,99.4,7,3.8876439247812544,3,2
1967,99.5,6,4.32210506995519,5,1
1968,99.2,9,2.6123625702328153,4,5
1969,99.4,7,2.7287352085113525,3,2
1970,98.1,11,1.9685126434672962,5,5
1971,99.6,5,3.008993625640869,0,5
1972,99.6,5,3.3327277421951296,5,0
1973,99.9,2,3.1656835079193115,1,1
1974,99.6,5,4.6258971214294435,3,0
1975,99.8,3,2.746500094731649,3,0
1976,99.5,6,4.029573082923889,1,5
1977,99.6,5,4.1959139704704285,0,5
1978,99.9,2,3.14172899723053,2,0
1979,99.8,3,2.422104756037394,2,1
1980,99.1,10,3.4941895961761475,5,5
1981,99.4,7,5.041491270065308,2,5
1982,100.0,1,4.813239574432373,1,0
1983,99.0,11,3.4579681049693716,5,4
1984,99.7,4,2.1919651329517365,1,3
1985,99.4,7,4.038818802152361,5,2
1986,99.4,7,3.5484554086412703,3,2
1987,99.7,4,1.9113182127475739,1,3
1988,99.2,9,3.244560625818041,4,5
1989,99.4,7,2.0680139575685774,5,2
1990,99.0,11,3.1874146569858897,5,4
1991,99.8,3,6.995457728703816,2,1
1992,99.8,3,4.94431201616923,0,3
1993,99.9,2,3.930391550064087,2,0
1994,99.3,8,3.5679076611995697,3,5
1995,99.4,7,5.625696437699454,2,5
1996,99.5,6,3.489613950252533,5,1
1997,99.4,7,3.8586972100394115,2,5
1998,99.4,7,2.8496662037713185,5,2
1999,99.2,9,4.885518259472317,4,5
2000,99.8,3,3.251927932103475,3,0
