Episode,Reward,Steps,Loss
1,-69.90000000000003,150,0.07771525469919045
2,-76.1999999999999,150,0.04440263401096066
3,-86.09999999999994,150,0.0497387940560778
4,45.09999999999995,100,0.06761096414178609
5,-67.20000000000007,150,14.035134662811954
6,-84.29999999999998,150,13.532907911936443
7,-73.5,150,14.859708579381307
8,-73.50000000000001,150,7.557537894248963
9,67.69999999999999,63,6.925680671419416
10,-74.39999999999992,150,6.026830073992412
11,-62.700000000000124,150,3.5890027634302775
12,39.8999999999999,143,3.6209453202627757
13,71.69999999999997,68,2.7620527411208435
14,68.09999999999997,77,4.900398833411081
15,-67.20000000000007,150,6.0314620653788245
16,28.099999999999994,126,6.153841497406127
17,-79.79999999999995,150,3.9769792477289836
18,-87.0,150,3.7366157007217407
19,-77.09999999999997,150,3.9266209920247395
20,-88.79999999999993,150,4.15506095568339
21,-93.29999999999995,150,6.573910994529724
22,-70.80000000000001,150,10.101699282328287
23,-95.09999999999991,150,7.6161606502532955
24,63.09999999999995,82,6.075484802083271
25,-61.800000000000104,150,4.89725251754125
26,40.099999999999945,114,3.897283064691644
27,75.69999999999999,55,4.518839992176403
28,-75.30000000000001,150,4.6431026268005375
29,66.49999999999997,66,3.341626116723725
30,86.9,42,2.6864918683256422
31,49.299999999999955,94,2.5932800433737166
32,20.69999999999999,137,2.7396624253614106
33,63.89999999999998,65,2.7515093106489914
34,56.89999999999998,81,3.0827506839493175
35,73.49999999999997,68,1.9228065995609058
36,89.3,27,1.4990656618718747
37,71.1,56,2.775204211473465
38,79.1,57,2.36944467979565
39,43.29999999999995,109,2.1226896364754495
40,76.30000000000001,58,2.006126433610916
41,72.89999999999998,74,2.0943699607977995
42,67.49999999999997,83,2.968491132000843
43,-65.40000000000009,150,2.153137379089991
44,84.30000000000001,59,1.0785897313538244
45,85.5,29,1.4135574821768135
46,73.09999999999998,63,1.2214301493432786
47,88.9,31,1.5950219592740458
48,76.69999999999999,54,2.386169660974432
49,57.499999999999936,111,1.6313777243768848
50,75.09999999999998,61,1.8765130306853623
51,83.5,40,1.1389890059828758
52,80.5,43,1.4229591849238374
53,63.69999999999998,85,3.690138285300311
54,63.49999999999994,105,2.329357960110619
55,91.10000000000001,27,2.3047964484603316
56,72.1,64,2.108462761156261
57,80.1,47,1.2162349648932194
58,83.9,45,1.2140441682603624
59,62.69999999999996,77,3.0794298509498694
60,83.7,38,1.2052528756229501
61,89.9,30,0.9077511568864186
62,86.5,28,0.8834336985434804
63,89.5,34,0.7655920202241224
64,83.7,38,0.937208542698308
65,81.49999999999999,60,0.9483436226844788
66,81.9,38,1.1871856741215054
67,87.7,34,1.4316429899019354
68,96.1,22,0.9613256237723611
69,90.5,33,0.8646234328096564
70,63.09999999999996,91,0.9424031118115226
71,79.3,64,0.8783998638391495
72,93.9,17,1.4672341732417835
73,81.30000000000001,35,0.8618422678538731
74,86.70000000000002,44,0.7607009932398796
75,74.29999999999998,60,0.7591887320081393
76,91.3,25,0.7621425771713257
77,89.3,27,0.8399636171482228
78,94.3,22,1.096801001917232
79,97.9,13,1.1279976413800166
80,80.9,39,0.9302595815597436
81,93.5,21,0.6979807274682182
82,94.7,18,0.7547593861818314
83,89.3,27,0.7924599371574543
84,85.5,29,0.7295034003668818
85,82.1,54,0.7393392727330879
86,96.9,14,0.7191437206098011
87,88.10000000000001,30,0.8235054671764374
88,90.7,31,0.7286812297759517
89,79.30000000000001,55,0.8893343063918027
90,90.10000000000001,28,0.6762127801775932
91,95.7,17,1.0369359097060036
92,83.7,47,1.0024924620668938
93,93.3,23,0.9318420835163282
94,88.3,28,1.6821689030953817
95,91.3,25,1.4326387333869934
96,96.1,22,1.3099389211698012
97,89.7,32,1.4459140840917826
98,94.3,22,1.4741848463361913
99,89.10000000000001,38,0.9994565342601976
100,84.10000000000001,34,0.7265384915997001
101,91.7,21,0.6315258187907082
102,82.69999999999999,48,0.681943641975522
103,82.3,43,0.7769922454689824
104,91.3,25,0.6319385945796967
105,86.3,30,0.7651481389999389
106,87.5,27,0.7692584715507649
107,90.5,33,0.6807666917641958
108,83.10000000000001,44,0.5703285543078725
109,94.7,36,0.500221897330549
110,92.5,31,0.4872809725423013
111,84.10000000000001,43,0.5759490239758824
112,84.30000000000001,77,0.7994192153602452
113,95.3,21,0.4263158937295278
114,90.10000000000001,37,0.5639267479245728
115,86.7,35,0.6072032570838928
116,86.5,37,0.5333286596311105
117,92.9,27,0.618166145351198
118,93.9,26,0.5668718448052039
119,88.7,24,0.5495248542477688
120,86.5,28,0.6660058487738881
121,93.7,19,0.5033018330210134
122,96.9,14,0.5231890039784568
123,91.10000000000001,36,0.5384560326735178
124,96.5,18,0.6748732891347673
125,97.5,17,0.557107522207148
126,88.9,31,0.5423947207389339
127,91.7,39,0.5427050250462997
128,91.7,21,0.4069194992383321
129,84.10000000000001,34,0.39880140695501776
130,93.10000000000001,25,0.4338178944587707
131,95.5,19,0.5539921035892085
132,93.7,19,0.46921117682206004
133,89.9,30,0.48614484270413716
134,90.9,38,0.45406426959916163
135,97.7,15,0.4450012614329656
136,97.3,19,0.45694308061348765
137,96.1,22,0.4331546608697284
138,87.3,29,0.5793677825352241
139,93.7,19,0.6760505280996624
140,91.3,25,0.5632038879394531
141,94.5,29,0.6439732302879465
142,96.9,14,0.6887224274022239
143,94.3,22,0.5667090334675529
144,93.10000000000001,25,0.6384037899971008
145,93.7,28,0.5676081478595734
146,96.5,18,0.47059913807445103
147,94.7,18,0.40601903779639137
148,95.5,19,0.456460460236198
149,94.7,27,0.39228574379726694
150,94.7,18,0.4505453026956982
151,96.7,16,0.42638934031128883
152,92.1,26,0.4012680185528902
153,94.9,16,0.4355525514110923
154,95.5,19,0.4178579802575864
155,95.7,17,0.40303338976467357
156,94.3,22,0.34720251844687894
157,94.7,18,0.4959602604309718
158,90.30000000000001,35,0.4341669261455536
159,95.7,17,0.5828524670180153
160,96.1,22,0.5583147907798941
161,97.7,15,0.4368734836578369
162,89.9,30,0.4118167728185654
163,92.30000000000001,24,0.4060682362566392
164,96.7,16,0.46207947470247746
165,92.7,29,0.4895179343634638
166,98.7,14,0.4060795307159424
167,95.7,17,0.39676333350293774
168,91.9,28,0.4136850541191442
169,95.9,15,0.44612306157747905
170,93.5,21,0.48780191796166555
171,98.3,18,0.6261766602595648
172,96.9,14,0.6184642165899277
173,90.3,26,0.44742877838703304
174,95.10000000000001,23,0.3529244460489439
175,97.5,17,0.35838954588946176
176,98.3,18,0.3321447968482971
177,96.9,14,0.276579562574625
178,90.5,24,0.30397852323949337
179,97.7,15,0.45990330576896665
180,90.30000000000001,35,0.4098270501409258
181,97.7,15,0.3332473963499069
182,93.7,19,0.3033297171718196
183,94.3,22,0.3154419389638034
184,94.3,22,0.36984479291872546
185,97.7,15,0.3710397352774938
186,93.5,30,0.3976699486374855
187,97.7,15,0.44423064986864724
188,96.5,18,0.3630579933524132
189,96.7,25,0.36886512994766235
190,97.5,17,0.29823841680498686
191,97.5,17,0.29619215165867524
192,91.10000000000001,27,0.3139763369604393
193,97.5,17,0.4256610958015217
194,97.9,13,0.2701549151769051
195,94.1,24,0.3035066432009141
196,89.10000000000001,29,0.39902390745179406
197,97.9,13,0.3196043119980739
198,96.5,18,0.32367121593819725
199,96.3,20,0.27552629485726354
200,91.5,23,0.24296098720768225
201,98.7,14,0.2573461500661714
202,90.7,22,0.1978591172532602
203,97.3,19,0.29495743387623835
204,89.5,25,0.23650231063365937
205,96.9,14,0.2577605518911566
206,94.5,20,0.3205884642899036
207,96.9,14,0.44068369056497303
208,94.10000000000001,24,0.2634364419306318
209,98.9,12,0.2835314782957236
210,97.7,15,0.3030190726121267
211,96.7,16,0.47316188737750053
212,98.3,18,0.37287190059820813
213,97.9,13,0.3349679960654332
214,94.9,16,0.3283282807096839
215,98.1,20,0.2965568073093891
216,96.9,14,0.3384751464639391
217,96.7,16,0.40967086516320705
218,95.3,21,0.391031353246598
219,97.7,15,0.5315286417802175
220,95.9,15,0.4168100823958715
221,96.9,14,0.2696775144764355
222,97.7,15,0.2847323636213938
223,94.9,16,0.2186932936310768
224,98.7,14,0.2401655295065471
225,94.5,29,0.1958653531197844
226,95.3,21,0.21759029016608283
227,97.7,15,0.22002719541390736
228,97.5,17,0.2253973431446973
229,96.7,16,0.19031417183578014
230,98.9,12,0.18012306466698647
231,97.9,13,0.22563206691008347
232,97.3,19,0.2661305834588252
233,97.9,13,0.3389734923839569
234,97.7,15,0.41394396672646205
235,91.9,28,0.4137365514678614
236,97.7,15,0.2943334221839905
237,95.9,15,0.19195427099863688
238,93.7,19,0.18390836449045883
239,97.7,15,0.20030642996231715
240,98.7,14,0.2647601898227419
241,98.3,18,0.24270902491278118
242,95.7,17,0.18386730069623275
243,94.9,25,0.21610006004571913
244,97.9,13,0.23614905316096085
245,95.1,23,0.23021848499774933
246,96.5,18,0.23695066736804116
247,97.9,13,0.20236052114229935
248,96.7,16,0.20918660704046488
249,97.9,13,0.22390454549055833
250,98.9,12,0.22701477507750192
251,97.7,15,0.24726165334383646
252,96.7,16,0.2021703771315515
253,97.5,17,0.15924811363220215
254,98.9,12,0.19360542359451452
255,97.9,13,0.17181082585683236
256,95.7,17,0.16811230296597762
257,97.5,17,0.2881104911074919
258,97.7,15,0.16879505217075347
259,97.9,13,0.2071874221930137
260,97.5,17,0.18607929085983949
261,97.9,13,0.12165028172043654
262,95.5,19,0.171256725137171
263,96.5,18,0.18255306200848687
264,96.9,14,0.25013445956366404
265,98.9,12,0.15201165278752646
266,94.5,20,0.22422598898410798
267,98.9,12,0.22126421766976515
268,98.9,12,0.19295769929885864
269,95.1,23,0.1559502398190291
270,97.9,13,0.1693706329052265
271,95.9,15,0.17363405972719193
272,98.9,12,0.15768205871184668
273,93.7,19,0.16276402653832184
274,97.5,17,0.17403535764007008
275,97.5,17,0.1539192887790063
276,97.7,15,0.219100159406662
277,98.9,12,0.24337399005889893
278,94.7,18,0.3465055674314499
279,96.7,16,0.42276970110833645
280,98.7,14,0.32776340735810144
281,97.7,15,0.26973516643047335
282,96.9,14,0.2966089184795107
283,97.7,15,0.43783599336942036
284,95.7,17,0.2611813071896048
285,96.5,18,0.33217210322618484
286,98.9,12,0.37005243450403214
287,97.9,13,0.3612614285487395
288,96.1,22,0.3322325281121514
289,98.9,12,0.2867305812736352
290,96.5,18,0.23022891125745243
291,94.7,18,0.35082868652211296
292,97.5,17,0.23794490800184362
293,97.9,13,0.2221774888726381
294,98.7,14,0.26260913482734133
295,95.9,15,0.1904177263379097
296,98.9,12,0.19004875235259533
297,97.7,15,0.1844189539551735
298,96.9,14,0.19841479616505758
299,94.9,16,0.2440305040217936
300,97.5,17,0.1936161969514454
301,98.7,14,0.11780116334557533
302,96.5,18,0.16420196659035152
303,97.9,13,0.15047233494428489
304,96.5,18,0.1852687212328116
305,97.9,13,0.17379807451596627
306,96.3,20,0.15236579850316048
307,98.5,16,0.11400305526331067
308,98.7,14,0.13122593771134103
309,97.9,13,0.22768535407689902
310,97.7,15,0.18334680596987407
311,98.9,12,0.10873997552941243
312,96.3,20,0.14482374601066111
313,97.7,15,0.15905168503522873
314,98.7,14,0.164377967693976
315,94.9,16,0.19216549675911665
316,95.7,17,0.15824302285909653
317,97.9,13,0.19713085202070382
318,97.7,15,0.1555433491865794
319,97.9,13,0.11814057884308007
320,98.9,12,0.195522952824831
321,97.9,13,0.23341122097693956
322,97.7,15,0.25120609949032463
323,96.9,14,0.1743790970316955
324,98.7,14,0.1074449893619333
325,97.7,15,0.13163879960775376
326,98.7,14,0.10564217423754078
327,97.9,13,0.11090159588135205
328,96.9,14,0.14024749930415834
329,97.7,15,0.12826343725124995
330,98.9,12,0.14261145362009606
331,98.3,18,0.167665493571096
332,97.7,15,0.14575950801372528
333,95.7,17,0.13000338897109032
334,96.9,14,0.1671482255416257
335,97.7,15,0.1710358997186025
336,96.7,16,0.17273482400923967
337,97.9,13,0.1922712234350351
338,97.5,17,0.22342329209341721
339,98.9,12,0.14683803326139847
340,97.9,13,0.1636825788479585
341,97.9,13,0.1689315690444066
342,97.7,15,0.19901635895172756
343,98.9,12,0.22816390916705132
344,97.5,17,0.23270678169587078
345,95.5,19,0.22388557540742973
346,96.7,16,0.16973390523344278
347,98.5,16,0.1812880397774279
348,98.9,12,0.1723093551894029
349,98.9,12,0.1702730810890595
350,96.7,16,0.15794382290914655
351,96.9,14,0.18039520723479135
352,98.7,14,0.2130189085645335
353,98.9,12,0.1411553310851256
354,98.3,18,0.12259458729790317
355,97.9,13,0.15457733835165316
356,96.7,16,0.1731032426469028
357,98.5,16,0.15128557290881872
358,98.7,14,0.2065189816057682
359,96.9,14,0.23753593702401435
360,97.9,13,0.21573921808829674
361,97.9,13,0.24741779153163618
362,97.9,13,0.2236377470768415
363,98.9,12,0.21496577188372612
364,96.1,22,0.18744675679640335
365,98.9,12,0.20020206893483797
366,95.5,19,0.23820528231169047
367,96.9,14,0.33323246772800175
368,96.7,16,0.3138923794031143
369,98.1,20,0.3441160015761852
370,97.9,13,0.25638051331043243
371,96.9,14,0.23746964282223157
372,95.9,15,0.1379618709286054
373,98.9,12,0.16983613558113575
374,97.7,15,0.13613372991482417
375,98.9,12,0.15466369750599065
376,97.9,13,0.1769740919654186
377,95.9,15,0.22884518802165985
378,98.9,12,0.22504290069142976
379,98.7,14,0.19621387549809047
380,96.3,20,0.14185173213481903
381,96.9,14,0.09095884167722293
382,96.7,16,0.09898502565920353
383,97.7,15,0.09634308119614919
384,96.9,14,0.09884427301585674
385,94.9,16,0.13397497357800603
386,96.7,16,0.11106567038223147
387,98.9,12,0.10475815056512754
388,98.9,12,0.12465176203598578
389,97.9,13,0.09758642545113197
390,98.9,12,0.08702162622163694
391,98.9,12,0.08428366606434186
392,98.7,14,0.08679927406566483
393,95.5,19,0.11141644692734669
394,97.7,15,0.20213855852683385
395,98.9,12,0.19335079317291579
396,96.9,14,0.20861155965498515
397,97.9,13,0.2291976769383137
398,98.9,12,0.35776351143916446
399,98.7,14,0.34347655943461824
400,97.9,13,0.270325226852527
401,98.9,12,0.1935395815720161
402,98.9,12,0.19939769431948662
403,98.9,12,0.20077332481741905
404,97.9,13,0.2546018109871791
405,98.7,14,0.6065721469266074
406,98.9,12,0.48618211845556897
407,96.9,14,0.30410068801471163
408,98.9,12,0.41696235661705333
409,98.9,12,0.33527882769703865
410,98.9,12,0.2575304868320624
411,97.9,13,0.19931247601142296
412,96.9,14,0.16057066512959345
413,97.9,13,0.14565405765405068
414,98.7,14,0.1305448572550501
415,98.7,14,0.11334280616470746
416,98.9,12,0.08779587503522635
417,98.9,12,0.09679341999193032
418,96.9,14,0.09883692754166466
419,97.7,15,0.0696381780008475
420,98.9,12,0.09189442203690608
421,98.9,12,0.13443459073702493
422,98.9,12,0.13673577178269625
423,97.9,13,0.12307487342220086
424,97.9,13,0.11769656435801433
425,98.9,12,0.08295275053630273
426,98.9,12,0.09025513535986344
427,97.9,13,0.11547315980379398
428,96.9,14,0.11339357255824975
429,98.9,12,0.0790890275190274
430,96.5,18,0.1043288346586956
431,98.9,12,0.07696493901312351
432,98.9,12,0.08835321292281151
433,97.9,13,0.07746473241310853
434,97.9,13,0.10656157307899915
435,96.9,14,0.15392362858567918
436,97.9,13,0.1702769914498696
437,98.9,12,0.1784790282448133
438,97.9,13,0.2087636079925757
439,98.7,14,0.2567303233913013
440,98.7,14,0.1706099041870662
441,98.9,12,0.24463987226287523
442,97.7,15,0.29106966257095335
443,98.9,12,0.28199270740151405
444,98.9,12,0.17998754978179932
445,97.9,13,0.2221800684928894
446,98.9,12,0.23150320847829184
447,98.7,14,0.21612557023763657
448,98.7,14,0.16803900737847602
449,98.9,12,0.19709395120541254
450,98.9,12,0.17466247205932936
451,98.7,14,0.14177376963198185
452,96.7,16,0.17953377030789852
453,98.9,12,0.27472719674309093
454,98.9,12,0.2133528565367063
455,97.9,13,0.12078631497346438
456,98.9,12,0.15886106776694456
457,97.9,13,0.07846221356437756
458,96.9,14,0.12271942969943796
459,96.9,14,0.14796474070421287
460,96.7,16,0.15178606053814292
461,97.7,15,0.12085158824920654
462,98.9,12,0.11587659580012162
463,96.9,14,0.12161379440554551
464,98.9,12,0.10587965076168378
465,98.9,12,0.09923767174283664
466,97.9,13,0.1118902202982169
467,97.9,13,0.09919498287714444
468,97.9,13,0.10532114941340226
469,96.9,14,0.08776411600410938
470,98.7,14,0.11430326157382556
471,97.7,15,0.1228796939055125
472,97.9,13,0.11817956486573586
473,98.7,14,0.11799042086516108
474,98.9,12,0.12145145516842604
475,97.9,13,0.07792832501805745
476,96.7,16,0.06777449755463749
477,97.7,15,0.07476347970465819
478,98.9,12,0.07714851014316082
479,98.7,14,0.06327922868409327
480,98.9,12,0.11672125694652398
481,97.7,15,0.1346402963002523
482,98.7,14,0.14672218369586126
483,98.9,12,0.1344505318750938
484,97.9,13,0.14826868187922698
485,98.9,12,0.22047930272916952
486,98.9,12,0.18140495320161185
487,98.9,12,0.14883828038970628
488,98.9,12,0.07941861636936665
489,97.7,15,0.07797626679142317
490,98.9,12,0.07508965333302815
491,98.9,12,0.1261576283723116
492,98.9,12,0.09601700523247321
493,98.9,12,0.09795516760398944
494,98.9,12,0.1119751154134671
495,98.9,12,0.126127311338981
496,97.9,13,0.15427730805598772
497,97.9,13,0.10041305537407215
498,98.9,12,0.11376044650872548
499,98.9,12,0.09172081543753545
500,98.9,12,0.11004126071929932
501,98.7,14,0.09497869573533535
502,98.7,14,0.06368943809398583
503,96.9,14,0.09010752822671618
504,98.9,12,0.06652432944004734
505,97.9,13,0.09127751222023597
506,97.5,17,0.11961728465907714
507,98.9,12,0.09182646808524926
508,98.5,16,0.12283298443071544
509,98.9,12,0.12096240743994713
510,98.7,14,0.0776920382465635
511,98.7,14,0.19658785073884896
512,98.7,14,0.2577309672321592
513,97.9,13,0.13690855955848327
514,98.9,12,0.1576468882461389
515,98.9,12,0.13777228134373823
516,98.9,12,0.16095521673560143
517,97.7,15,0.11045236984888712
518,97.7,15,0.10238557457923889
519,98.9,12,0.10349268869807322
520,97.9,13,0.13622470085437483
521,98.9,12,0.1376523058861494
522,98.9,12,0.16992075368762016
523,98.9,12,0.150545546784997
524,98.9,12,0.13954407038788
525,97.9,13,0.11077197469197787
526,97.9,13,0.11879812066371624
527,97.9,13,0.1645626425743103
528,98.7,14,0.2654376280094896
529,98.9,12,0.16592976388831934
530,97.7,15,0.11615227485696475
531,96.9,14,0.1200787393110139
532,97.9,13,0.11348625587729308
533,98.9,12,0.14773340709507465
534,98.9,12,0.07067484005043904
535,98.9,12,0.09248402683685224
536,98.7,14,0.09261253077004637
537,98.9,12,0.08455956882486741
538,97.9,13,0.06329094260357894
539,98.9,12,0.043129828137656055
540,98.5,16,0.05269381811376661
541,97.9,13,0.04430038696871354
542,98.9,12,0.06195410853251815
543,98.7,14,0.09774781337806157
544,98.7,14,0.05807812937668392
545,98.9,12,0.07721500222881635
546,98.9,12,0.09274934170146783
547,98.9,12,0.11580657586455345
548,98.9,12,0.10641902747253577
549,98.9,12,0.0683786307151119
550,97.9,13,0.07845895508160958
551,98.9,12,0.12912298397471508
552,98.9,12,0.14612040792902312
553,97.7,15,0.18059797286987306
554,97.9,13,0.2779560965987352
555,98.9,12,0.5004390962421894
556,95.9,15,1.5414828697840373
557,98.7,14,1.9948705860546656
558,98.9,12,1.170474002758662
559,98.9,12,0.9769537299871445
560,98.9,12,0.9841594894727071
561,98.9,12,1.0705481419960658
562,97.9,13,0.7668198828513806
563,98.7,14,0.7163062074354717
564,98.9,12,0.5098557447393736
565,97.7,15,0.44838368793328603
566,98.9,12,0.33500971893469494
567,97.9,13,0.19111082072441393
568,98.9,12,0.24961968138813972
569,98.9,12,0.20706569030880928
570,98.9,12,0.20034919989605746
571,98.9,12,0.15540729773541292
572,97.9,13,0.10245012606565769
573,98.9,12,0.10003704112023115
574,97.9,13,0.10062034714680451
575,98.9,12,0.07648765202611685
576,97.5,17,0.06931496356778286
577,97.9,13,0.04593042499170853
578,98.7,14,0.059437204019299576
579,97.9,13,0.03875782204648623
580,98.9,12,0.031320128589868546
581,98.9,12,0.057322218703726925
582,98.9,12,0.039692701461414494
583,98.9,12,0.03871699841693044
584,98.9,12,0.02294552690970401
585,98.9,12,0.061295452527701855
586,98.7,14,0.03470319875382951
587,98.9,12,0.035147320634375014
588,97.9,13,0.036133152146178946
589,98.9,12,0.03774709952995181
590,97.9,13,0.0360794892677894
591,98.9,12,0.04862720984965563
592,98.7,14,0.04655492325712528
593,97.9,13,0.04216845820729549
594,98.9,12,0.04380667946922282
595,98.9,12,0.029549769591540098
596,98.9,12,0.05743692613517245
597,98.9,12,0.041150219117601715
598,98.9,12,0.022420804559563596
599,98.9,12,0.03388494691656282
600,97.9,13,0.03488566733610172
601,98.9,12,0.0381806359703963
602,98.9,12,0.03111994716649254
603,97.9,13,0.0314551847628676
604,98.9,12,0.045178332986931004
605,98.9,12,0.03818451512294511
606,97.7,15,0.021118670205275216
607,97.9,13,0.03107852417115982
608,98.7,14,0.05282184521534613
609,98.9,12,0.04591895189757148
610,98.9,12,0.05324283506100377
611,98.9,12,0.03876496246084571
612,98.9,12,0.05349532142281532
613,98.7,14,0.05431447909878833
614,98.9,12,0.03779627258578936
615,98.9,12,0.03221699486797055
616,98.9,12,0.055940816489358745
617,98.9,12,0.04749991993109385
618,98.9,12,0.02861398016102612
619,98.9,12,0.05017695288794736
620,98.9,12,0.03573068759093682
621,98.9,12,0.03908039093948901
622,98.9,12,0.03570853918790817
623,98.9,12,0.04095597953225175
624,97.9,13,0.03473633570739856
625,98.9,12,0.03277800465002656
626,98.9,12,0.05595350389679273
627,98.9,12,0.04629146105920275
628,98.9,12,0.03560113627463579
629,98.9,12,0.05421756533905864
630,97.9,13,0.0715261184825347
631,98.7,14,0.05259729229978153
632,98.9,12,0.034029833041131496
633,98.9,12,0.03740111730682353
634,98.9,12,0.042923905265827976
635,98.9,12,0.04930679934720198
636,98.9,12,0.04033313303564986
637,98.9,12,0.08145737803230683
638,98.9,12,0.060158626486857734
639,97.9,13,0.0668587525590108
640,97.9,13,0.08152660125723252
641,97.9,13,0.06817623944236682
642,98.9,12,0.07034559547901154
643,98.9,12,0.05294506251811981
644,98.9,12,0.04000756346310178
645,98.9,12,0.05344374089812239
646,98.9,12,0.04648155656953653
647,98.9,12,0.047214189544320107
648,97.9,13,0.04832040919707371
649,98.9,12,0.0500192081866165
650,98.9,12,0.042024229653179646
651,98.9,12,0.03957441976914803
652,98.9,12,0.046577252758045994
653,98.9,12,0.054127017967402935
654,97.9,13,0.0526035178739291
655,98.9,12,0.05964267998933792
656,98.9,12,0.07749776200701793
657,98.9,12,0.099940475076437
658,97.9,13,0.14637314356290376
659,97.9,13,0.1319386913226201
660,98.9,12,0.0903089080626766
661,96.5,18,0.06725851694742839
662,98.9,12,0.06619893107563257
663,98.7,14,0.08624705113470554
664,98.9,12,0.09176574523250262
665,98.9,12,0.08692153232793014
666,98.9,12,0.07202082810302575
667,97.9,13,0.09044963981096561
668,98.5,16,0.09494055877439678
669,98.9,12,0.10494624078273773
670,97.9,13,0.08786193252756046
671,98.9,12,0.06147839936117331
672,98.9,12,0.0490376059897244
673,98.9,12,0.044607583743830524
674,98.9,12,0.06998185658206542
675,98.9,12,0.07436738256365061
676,98.9,12,0.12811741357048353
677,98.9,12,0.10969342601795991
678,98.9,12,0.1340675757577022
679,98.7,14,0.12826153795633996
680,97.9,13,0.24780404338469872
681,98.9,12,0.3171499551584323
682,98.9,12,0.2541934835414092
683,97.9,13,0.21154417269504988
684,98.9,12,0.21114630065858364
685,98.9,12,0.41137366617719334
686,98.9,12,0.18735970743000507
687,98.9,12,0.09408561637004216
688,98.9,12,0.1252301586791873
689,98.9,12,0.1781971175223589
690,98.9,12,0.13119437328229347
691,98.9,12,0.08095099870115519
692,98.9,12,0.11680915703376134
693,96.9,14,0.05002911003040416
694,98.9,12,0.06572757164637248
695,98.9,12,0.05397764019047221
696,98.9,12,0.05561435502022505
697,98.9,12,0.0486404177111884
698,98.9,12,0.04631019399190942
699,96.9,14,0.03596142213791609
700,98.9,12,0.044003776740282774
701,98.9,12,0.033312667006005846
702,98.9,12,0.036792692728340626
703,97.9,13,0.04822130143069304
704,98.9,12,0.07297970385601123
705,98.9,12,0.06828640929112832
706,98.7,14,0.02719870036734002
707,98.9,12,0.03961813139418761
708,97.9,13,0.041331883090046734
709,98.9,12,0.05917841040839752
710,98.9,12,0.08633627897749345
711,97.9,13,0.1386865655390116
712,98.9,12,0.07477650077392657
713,98.9,12,0.06238053009534875
714,98.9,12,0.10243835424383481
715,98.9,12,0.1039360932384928
716,98.9,12,0.09513585145274799
717,98.9,12,0.11093148527046044
718,98.5,16,0.10445757675915956
719,98.9,12,0.11225891578942537
720,98.9,12,0.10130479807655017
721,98.9,12,0.125983910014232
722,98.9,12,0.19626187657316527
723,98.9,12,0.20652726044257483
724,98.9,12,0.15955416671931744
725,98.9,12,0.1310986833026012
726,98.9,12,0.0760575591896971
727,98.9,12,0.08176930838574965
728,98.9,12,0.09370730475833018
729,97.9,13,0.052848777518822596
730,98.9,12,0.10975088520596425
731,98.9,12,0.10518319780627887
732,98.9,12,0.07631515028576057
733,98.9,12,0.05116925078133742
734,98.9,12,0.05839145633702477
735,98.9,12,0.054397809940079846
736,98.9,12,0.09925887764741977
737,98.7,14,0.1544903511447566
738,98.9,12,0.1558391358703375
739,98.9,12,0.2211958852907022
740,98.9,12,0.1132174376398325
741,98.9,12,0.09747923196603854
742,98.9,12,0.17090033243099848
743,98.7,14,0.10374362181339945
744,98.9,12,0.07371857203543186
745,98.9,12,0.05510906642302871
746,97.7,15,0.03700487936536471
747,98.9,12,0.036951727233827114
748,98.7,14,0.037115418551755805
749,98.7,14,0.031551290569560866
750,98.9,12,0.02959970780648291
751,98.7,14,0.03975714556872845
752,98.9,12,0.03371273695180813
753,98.9,12,0.03497608557033042
754,98.9,12,0.05703043580676118
755,98.9,12,0.10275521439810593
756,98.9,12,0.16829018822560707
757,98.9,12,0.18091569344202676
758,98.9,12,0.2290864766885837
759,98.9,12,0.34495920315384865
760,98.9,12,0.3987233427663644
761,97.9,13,0.38096604897425723
762,98.9,12,0.5242485702037811
763,98.9,12,0.7671873643994331
764,98.7,14,0.48483062641961233
765,98.9,12,0.3422640735904376
766,98.9,12,0.4110160122315089
767,98.9,12,0.35149399439493817
768,95.9,15,0.42849670847256977
769,98.9,12,0.29928068568309146
770,98.9,12,0.2831188937028249
771,98.9,12,0.1773803929487864
772,98.9,12,0.1596297404418389
773,98.9,12,0.14745769929140806
774,97.9,13,0.12689003377006605
775,98.9,12,0.117722789136072
776,98.9,12,0.10858805601795514
777,98.9,12,0.07431646063923836
778,97.9,13,0.11168667559440319
779,97.9,13,0.10671642365363929
780,98.9,12,0.1595444120466709
781,98.9,12,0.09461179561913013
782,98.9,12,0.14344660316904387
783,98.9,12,0.10267491949101289
784,97.9,13,0.10562596871302678
785,98.7,14,0.08791766635009221
786,98.9,12,0.05208816907058159
787,98.9,12,0.051997048469881214
788,98.9,12,0.06836570131902893
789,98.9,12,0.05357309772322575
790,98.9,12,0.04310421490420898
791,98.9,12,0.07733818073756993
792,98.9,12,0.048393742026140295
793,98.9,12,0.031082531437277794
794,98.9,12,0.043343753553926945
795,98.9,12,0.06668837259834011
796,98.9,12,0.08477914053946733
797,98.9,12,0.08530731685459614
798,98.7,14,0.08695827025387969
799,98.9,12,0.09227519854903221
800,98.9,12,0.07117972367753585
801,98.7,14,0.09489836038223334
802,98.9,12,0.09925343034168084
803,98.9,12,0.1313948712001244
804,98.9,12,0.05819048499688506
805,98.9,12,0.07326013222336769
806,98.9,12,0.0407633725553751
807,98.9,12,0.05357078447317084
808,98.9,12,0.04491594775269429
809,98.9,12,0.032135976323237024
810,98.9,12,0.035471119762708746
811,98.9,12,0.030361362732946873
812,98.9,12,0.03291644287916521
813,98.9,12,0.05058460201447209
814,98.9,12,0.0456910515204072
815,98.9,12,0.06796455880006154
816,98.9,12,0.06508964331199725
817,98.9,12,0.10980750961850087
818,98.7,14,0.22799005412629672
819,98.9,12,0.173018762220939
820,98.9,12,0.1291537464906772
821,98.9,12,0.10489156128217776
822,98.9,12,0.11223498669763406
823,98.9,12,0.09196360191951196
824,98.9,12,0.14517236997683844
825,98.9,12,0.09198252639422815
826,98.9,12,0.09511179942637682
827,98.9,12,0.10924224679668744
828,98.9,12,0.07162323563049237
829,98.9,12,0.10089872311800718
830,98.9,12,0.08905282492438953
831,98.9,12,0.05194889381527901
832,98.9,12,0.031827337108552456
833,98.9,12,0.028509229732056458
834,98.9,12,0.031749938149005175
835,98.9,12,0.04533213361476859
836,98.9,12,0.04785870388150215
837,98.9,12,0.030047806911170483
838,98.9,12,0.036464527094115816
839,98.9,12,0.05050084344111383
840,98.9,12,0.028005930439879496
841,97.9,13,0.01638841127546934
842,98.9,12,0.021429183504854638
843,98.9,12,0.018605359092665214
844,98.9,12,0.012857780908234417
845,98.9,12,0.010798233289582035
846,98.9,12,0.028743548473964136
847,98.9,12,0.019699050579220057
848,98.9,12,0.01803657552227378
849,97.9,13,0.011194790355288066
850,98.9,12,0.01749639053984235
851,98.9,12,0.02822038469215234
852,97.9,13,0.027658225538638923
853,98.9,12,0.02099202061071992
854,98.9,12,0.013245999813079834
855,98.9,12,0.015768592284681898
856,98.9,12,0.02022111671976745
857,98.9,12,0.01693985207627217
858,98.9,12,0.019250796021272738
859,98.9,12,0.018413502257317305
860,98.9,12,0.016890951277067263
861,98.9,12,0.025678957036385935
862,98.9,12,0.025833335782711703
863,98.9,12,0.057872843307753406
864,98.9,12,0.038761823593328394
865,98.9,12,0.07513066614046693
866,98.9,12,0.09977715462446213
867,98.9,12,0.19444436952471733
868,98.9,12,0.20650885750850043
869,98.9,12,0.14914810409148535
870,98.9,12,0.11794877766321103
871,98.9,12,0.0580628744016091
872,98.9,12,0.06796037840346496
873,98.9,12,0.10268796281889081
874,98.9,12,0.08710507769137621
875,98.9,12,0.13508854589114586
876,98.9,12,0.20214643826087317
877,97.9,13,0.29416040159188783
878,98.9,12,0.8601363624135653
879,98.9,12,1.2632732490698497
880,98.9,12,1.3527786036332448
881,98.9,12,0.7681154012680054
882,98.9,12,0.4319103906551997
883,98.9,12,0.275379025687774
884,98.9,12,0.42954229066769284
885,98.9,12,0.44596856956680614
886,98.9,12,0.19539547401169935
887,98.9,12,0.14113662019371986
888,98.9,12,0.10320033598691225
889,98.9,12,0.11262261588126421
890,98.9,12,0.13444374656925598
891,98.9,12,0.10119207886358102
892,98.9,12,0.08608929067850113
893,98.9,12,0.0875266594812274
894,97.9,13,0.08137402325295486
895,98.9,12,0.06496274191886187
896,98.9,12,0.03346523145834605
897,98.9,12,0.03271928227817019
898,98.9,12,0.05354444185892741
899,98.9,12,0.06341732138146956
900,98.9,12,0.055332002229988575
901,98.9,12,0.057519845043619476
902,98.9,12,0.049609072195986904
903,98.9,12,0.06043027900159359
904,98.9,12,0.07543098491926988
905,98.9,12,0.0894114129866163
906,98.9,12,0.09920560910056035
907,98.9,12,0.07790098246186972
908,98.9,12,0.05839787578831116
909,98.9,12,0.06462485529482365
910,98.9,12,0.03644716367125511
911,98.9,12,0.038872010384996734
912,98.9,12,0.039016255953659616
913,98.9,12,0.03674520831555128
914,98.9,12,0.02748933162850638
915,98.9,12,0.029897922184318304
916,98.9,12,0.018367448511223
917,98.9,12,0.021452118021746475
918,98.9,12,0.019441608029107254
919,98.9,12,0.0185859768340985
920,98.9,12,0.029010808871438105
921,98.9,12,0.015752614514591794
922,98.9,12,0.019737533448884886
923,98.9,12,0.014504135780346891
924,98.9,12,0.008279761706944555
925,98.9,12,0.010590906875828901
926,98.9,12,0.010257594132175049
927,98.9,12,0.00989836004252235
928,98.9,12,0.014680358969296018
929,98.9,12,0.018644926060612004
930,98.9,12,0.021023808396421373
931,98.9,12,0.02283124563594659
932,98.9,12,0.012446087397014102
933,98.9,12,0.007190822429644565
934,98.9,12,0.008187068393453956
935,98.9,12,0.011106337886303663
936,98.9,12,0.0052210118349952
937,98.9,12,0.004462977619065593
938,98.9,12,0.006072181257574509
939,98.9,12,0.005556545569561422
940,98.9,12,0.010352706944104284
941,98.9,12,0.012799764556499818
942,98.7,14,0.017435794829257896
943,97.9,13,0.01088456422663652
944,98.9,12,0.01706345526811977
945,98.9,12,0.014643830480054021
946,98.9,12,0.012736327635745207
947,98.9,12,0.010305600590072572
948,98.9,12,0.01496606164922317
949,98.9,12,0.020627617370337248
950,98.9,12,0.022070190869271755
951,98.9,12,0.028881711419671774
952,97.9,13,0.026421795742442973
953,98.9,12,0.0410894948678712
954,98.9,12,0.03255248201700548
955,98.9,12,0.02427334679911534
956,98.9,12,0.03240306411559383
957,98.9,12,0.026066737559934456
958,98.9,12,0.0285608833655715
959,98.9,12,0.025943490288530786
960,98.9,12,0.032554598447556295
961,98.9,12,0.03656757421170672
962,98.9,12,0.03299907951926192
963,98.9,12,0.036583937549342714
964,98.9,12,0.025068512962510187
965,98.9,12,0.025274120969697833
966,98.9,12,0.026207844105859596
967,98.9,12,0.03098374977707863
968,98.9,12,0.03642672890176376
969,98.9,12,0.022977740426237386
970,98.9,12,0.023936910399546225
971,98.9,12,0.031717804648603
972,98.9,12,0.03137635113671422
973,98.9,12,0.019356189683700602
974,98.9,12,0.01718529441859573
975,98.9,12,0.03266122145578265
976,98.9,12,0.04249217609564463
977,98.9,12,0.03608552009488145
978,98.9,12,0.052644084518154464
979,98.9,12,0.06434487365186214
980,98.9,12,0.07689390672991674
981,98.9,12,0.0638130297884345
982,98.9,12,0.07918708833555381
983,98.9,12,0.056667287523547806
984,97.9,13,0.11945184492147885
985,98.9,12,0.10202076161901157
986,98.9,12,0.17851007916033268
987,98.9,12,0.46888700996836025
988,98.9,12,0.285309291134278
989,98.9,12,0.27140242358048755
990,98.9,12,0.23991289734840393
991,98.9,12,0.3838481766482194
992,98.9,12,0.7444077904025713
993,98.9,12,0.43857785190145177
994,98.9,12,0.2974299465616544
995,98.9,12,0.38906365384658176
996,98.7,14,0.23774688797337667
997,98.9,12,0.5227274323503176
998,98.9,12,0.4915769261618455
999,98.9,12,0.2861430272459984
1000,98.9,12,0.267730800434947
1001,98.9,12,0.14417149126529694
1002,98.9,12,0.2038221980134646
1003,98.9,12,0.14490320160984993
1004,98.9,12,0.10147641475001971
1005,98.9,12,0.10836026693383853
1006,98.9,12,0.06702305655926466
1007,98.9,12,0.05639002022023002
1008,98.9,12,0.05363811800877253
1009,98.9,12,0.037871496131022774
1010,98.9,12,0.03911133591706554
1011,98.9,12,0.05537529801949859
1012,98.9,12,0.028355132245148223
1013,98.9,12,0.03844700055196881
1014,98.9,12,0.03461741407712301
1015,98.9,12,0.029557386878877878
1016,98.9,12,0.029839242653300364
1017,98.9,12,0.03527751797810197
1018,98.9,12,0.0463984344775478
1019,98.9,12,0.0601866381863753
1020,98.9,12,0.056315356865525246
1021,98.9,12,0.08588451830049355
1022,98.5,16,0.0747641718480736
1023,98.9,12,0.0736788207044204
1024,98.9,12,0.07398633162180583
1025,98.9,12,0.1646654512733221
1026,98.9,12,0.1340920360138019
1027,98.9,12,0.10730203644682963
1028,98.9,12,0.09089173438648383
1029,98.9,12,0.05231884059806665
1030,98.9,12,0.05597963106508056
1031,98.9,12,0.050591143469015755
1032,98.9,12,0.07211903870726626
1033,98.9,12,0.0746303064127763
1034,98.9,12,0.05166127377500137
1035,98.9,12,0.05187790375202894
1036,98.9,12,0.06604426136861245
1037,98.9,12,0.03634968617310127
1038,98.9,12,0.043499759708841644
1039,98.9,12,0.0659217865516742
1040,97.9,13,0.052235848628557645
1041,97.9,13,0.04611272336198734
1042,98.9,12,0.049742118610690035
1043,98.9,12,0.030288940916458767
1044,98.9,12,0.03769315887863437
1045,98.9,12,0.0463879268305997
1046,98.9,12,0.04103530012071133
1047,97.9,13,0.042975678466833554
1048,98.9,12,0.03198733894775311
1049,98.9,12,0.02736422869687279
1050,98.9,12,0.025509699441802997
1051,98.7,14,0.03336750356746571
1052,98.9,12,0.022199459606781602
1053,98.9,12,0.015921469234550994
1054,98.9,12,0.027936432976275682
1055,98.9,12,0.01891792519018054
1056,98.9,12,0.019686213772123057
1057,98.9,12,0.02569889393635094
1058,98.9,12,0.015058482686678568
1059,98.9,12,0.011780417058616877
1060,97.9,13,0.01891699877495949
1061,98.9,12,0.01773015471796195
1062,98.9,12,0.030853392789140344
1063,98.9,12,0.033197551888103284
1064,98.9,12,0.05773028700302044
1065,97.9,13,0.039377968901625045
1066,98.9,12,0.06437160990511377
1067,98.9,12,0.10894282472630341
1068,98.9,12,0.06658835678050916
1069,98.9,12,0.23364741851886114
1070,98.9,12,0.23648619651794434
1071,98.9,12,0.11122964757184188
1072,98.9,12,0.06212655548006296
1073,98.9,12,0.06263352744281292
1074,98.9,12,0.07982208052029212
1075,98.9,12,0.057740655106802784
1076,98.9,12,0.042337301497658096
1077,98.9,12,0.055445652144650616
1078,98.9,12,0.036479082268973194
1079,98.9,12,0.023571260506287217
1080,98.9,12,0.021841782921304304
1081,98.9,12,0.024952867339986067
1082,98.9,12,0.014501325708503524
1083,98.9,12,0.013073613149269173
1084,98.9,12,0.00804426206741482
1085,98.9,12,0.007940553943626583
1086,97.7,15,0.007625711926569541
1087,98.9,12,0.00993792157775412
1088,98.9,12,0.008106081552493075
1089,98.9,12,0.006079207446115713
1090,98.9,12,0.01507717693069329
1091,98.9,12,0.009138072103572389
1092,98.9,12,0.006603372593720754
1093,98.9,12,0.0168886268317389
1094,98.9,12,0.023572774992013972
1095,98.9,12,0.05232201749458909
1096,98.9,12,0.019498484131569665
1097,98.9,12,0.0200322267288963
1098,98.9,12,0.023146644079436857
1099,98.9,12,0.03302396570021907
1100,98.9,12,0.038891443672279515
1101,98.9,12,0.0411128398651878
1102,98.9,12,0.0723114013671875
1103,98.9,12,0.1540646975239118
1104,98.9,12,0.20291544683277607
1105,98.9,12,0.31338687737782794
1106,98.9,12,0.31097445636987686
1107,98.9,12,0.27031896263360977
1108,98.9,12,0.324821250513196
1109,98.9,12,0.3537145256996155
1110,98.9,12,0.23428880547483763
1111,98.9,12,0.17035107873380184
1112,98.9,12,0.1810410904387633
1113,98.9,12,0.09664756152778864
1114,98.9,12,0.12720982016374668
1115,98.9,12,0.1381689797466
1116,98.9,12,0.1454180764655272
1117,98.9,12,0.054171094205230474
1118,98.9,12,0.04756241788466772
1119,98.9,12,0.042861370680232845
1120,98.9,12,0.02941637517263492
1121,98.9,12,0.02203257257739703
1122,98.9,12,0.03486626447799305
1123,98.9,12,0.02683872574319442
1124,98.9,12,0.02817424867923061
1125,98.9,12,0.011345778087464472
1126,98.9,12,0.008761199307627976
1127,98.9,12,0.011438936848814288
1128,98.9,12,0.011207711029176911
1129,98.9,12,0.008165795142607143
1130,98.9,12,0.004305328455908845
1131,98.9,12,0.0035304747483072183
1132,98.9,12,0.003953459798746432
1133,98.9,12,0.007961799196588496
1134,98.9,12,0.01594005589140579
1135,98.9,12,0.02413385547697544
1136,98.9,12,0.019316802849061787
1137,98.9,12,0.028054668568074703
1138,98.9,12,0.039063065933684506
1139,97.9,13,0.06412595625107105
1140,98.9,12,0.08780405794580777
1141,98.9,12,0.11464378579209249
1142,98.9,12,0.12665845888356367
1143,98.9,12,0.08342568421115477
1144,98.9,12,0.05238897384454807
1145,98.9,12,0.05786142901827892
1146,98.9,12,0.07698641438037157
1147,98.9,12,0.059867839639385544
1148,98.9,12,0.059902680261681475
1149,98.9,12,0.04889325393984715
1150,98.9,12,0.05767085620512565
1151,98.9,12,0.08336892863735557
1152,98.9,12,0.1358621222898364
1153,98.9,12,0.19840798216561475
1154,98.9,12,0.5045503843575716
1155,98.9,12,0.7923647115627924
1156,98.9,12,0.573517253001531
1157,98.9,12,0.398934302230676
1158,97.9,13,0.35181846068455624
1159,98.9,12,0.2930559702217579
1160,98.9,12,0.4164674257238706
1161,98.7,14,0.24929419372762954
1162,98.9,12,0.19283566189308962
1163,98.9,12,0.1287970275928577
1164,98.9,12,0.18172850832343102
1165,98.9,12,0.18758053270479044
1166,98.9,12,0.09422998254497846
1167,98.9,12,0.043503829200441636
1168,98.9,12,0.07954453180233638
1169,98.9,12,0.08553471695631742
1170,98.9,12,0.08961748083432515
1171,98.9,12,0.08518139366060495
1172,98.9,12,0.07197708310559392
1173,98.9,12,0.07417865889146924
1174,98.9,12,0.119868746958673
1175,98.9,12,0.059789685532450676
1176,98.9,12,0.045678455072144665
1177,98.9,12,0.02809681138023734
1178,97.9,13,0.030456163848821934
1179,98.9,12,0.03875935605416695
1180,98.9,12,0.032598914578557014
1181,98.9,12,0.04357858824854096
1182,98.9,12,0.04523851132641236
1183,98.9,12,0.02641589070359866
1184,98.9,12,0.028796790555740397
1185,98.9,12,0.01789400012542804
1186,98.9,12,0.021167440921999514
1187,98.9,12,0.017955104277158778
1188,98.9,12,0.0245896865768979
1189,98.9,12,0.01718146586790681
1190,98.9,12,0.017665520659647882
1191,98.9,12,0.02285722487916549
1192,98.9,12,0.031063701957464218
1193,98.9,12,0.023317559777448576
1194,98.9,12,0.014743295265361667
1195,98.9,12,0.011217729654163122
1196,98.9,12,0.014708914289561411
1197,98.9,12,0.017066038912162185
1198,98.9,12,0.01902246909836928
1199,98.9,12,0.020206794724799693
1200,98.9,12,0.0257476222080489
1201,98.9,12,0.026687435805797577
1202,98.9,12,0.027018067970251042
1203,98.9,12,0.04453757591545582
1204,98.9,12,0.03036374757842471
1205,98.9,12,0.03201700506421427
1206,98.9,12,0.059486561765273414
1207,98.9,12,0.05653318157419562
1208,98.9,12,0.07121661584824324
1209,98.9,12,0.055300123213479914
1210,98.9,12,0.05619797188167771
1211,98.9,12,0.06239370442926884
1212,98.9,12,0.14976516428093115
1213,98.9,12,0.42565664152304333
1214,98.9,12,0.3535266195734342
1215,98.9,12,0.4429285178581874
1216,98.9,12,0.47568254545331
1217,98.9,12,0.4970386400818825
1218,98.9,12,0.2798091135919094
1219,98.9,12,0.183724549288551
1220,98.9,12,0.1924764628832539
1221,98.9,12,0.1674442489941915
1222,98.9,12,0.12427712169786294
1223,97.9,13,0.09444460014884289
1224,98.9,12,0.06941632616023223
1225,98.9,12,0.11745798587799072
1226,98.9,12,0.05639376134301225
1227,98.9,12,0.16972962580621243
1228,98.9,12,0.08103468393286069
1229,97.9,13,0.05968155310704158
1230,98.9,12,0.0522356117144227
1231,98.9,12,0.05396444831664363
1232,98.9,12,0.05374914205943545
1233,98.9,12,0.033756043296307325
1234,98.9,12,0.03345544023128847
1235,98.9,12,0.01687710020147885
1236,98.9,12,0.025796674890443683
1237,98.9,12,0.01908593176631257
1238,98.9,12,0.02060233522206545
1239,98.9,12,0.0187341944159319
1240,98.9,12,0.016901222988963127
1241,98.9,12,0.011642578911657134
1242,98.7,14,0.012744755351117678
1243,98.9,12,0.010312382461658368
1244,98.9,12,0.009096520244687175
1245,98.9,12,0.011591115850023925
1246,98.9,12,0.0077207879318545265
1247,98.9,12,0.015804353247707088
1248,98.9,12,0.023052179138176143
1249,98.9,12,0.019663748797029257
1250,98.9,12,0.01479133008979261
1251,98.9,12,0.010036496950003007
1252,98.9,12,0.010712034612273177
1253,98.9,12,0.013169633961903552
1254,98.9,12,0.009403149868982533
1255,98.9,12,0.014482621957237521
1256,98.9,12,0.0191332808850954
1257,98.9,12,0.021664283704012632
1258,98.9,12,0.02019656077027321
1259,98.9,12,0.01840015679287414
1260,98.9,12,0.01753070519771427
1261,98.9,12,0.011974486561181644
1262,98.9,12,0.009412759720968703
1263,98.9,12,0.01703467088130613
1264,98.9,12,0.03258020764527222
1265,98.9,12,0.030406217362421255
1266,98.9,12,0.06287393920744459
1267,98.9,12,0.097316842370977
1268,98.9,12,0.07626983740677436
1269,98.9,12,0.04303959788133701
1270,98.9,12,0.07319435787697633
1271,98.9,12,0.0747186519826452
1272,98.9,12,0.06061063582698504
1273,98.7,14,0.052716071584395
1274,98.9,12,0.042708496718357004
1275,98.9,12,0.019098686908061307
1276,98.9,12,0.04616466878602902
1277,98.9,12,0.03512358587856094
1278,98.9,12,0.03687565385674437
1279,98.9,12,0.039533031483491264
1280,98.9,12,0.025717842392623425
1281,98.9,12,0.03342124187232306
1282,98.9,12,0.05472396810849508
1283,98.9,12,0.030305126992364723
1284,98.9,12,0.020148931071162224
1285,98.9,12,0.01434219543201228
1286,98.9,12,0.008436460862867534
1287,97.9,13,0.009829448321117805
1288,98.9,12,0.010035602531085411
1289,98.9,12,0.02808946161530912
1290,98.9,12,0.02670340791034202
1291,98.9,12,0.031197916250675917
1292,98.7,14,0.04255268955603242
1293,98.9,12,0.04050798714160919
1294,97.9,13,0.04550334266745127
1295,98.9,12,0.09374872564027707
1296,98.9,12,0.13431479719777903
1297,98.9,12,0.13008213291565576
1298,98.9,12,0.203416275481383
1299,98.7,14,0.14478438720107079
1300,98.9,12,0.13903858698904514
1301,98.7,14,0.11191012976425034
1302,98.9,12,0.13258571022500595
1303,98.9,12,0.2695312201976776
1304,98.9,12,0.278535608202219
1305,98.9,12,0.15688160993158817
1306,98.9,12,0.18427703902125359
1307,98.9,12,0.1147361525023977
1308,98.9,12,0.20360971055924892
1309,98.9,12,0.21268000702063242
1310,98.9,12,0.24306885401407877
1311,98.9,12,0.14979442643622556
1312,98.9,12,0.20710432591537634
1313,98.9,12,0.3077588944385449
1314,98.9,12,0.337125592554609
1315,98.9,12,0.2592812528212865
1316,98.9,12,0.15363669581711292
1317,98.9,12,0.17816077545285225
1318,98.9,12,0.08351604205866654
1319,98.9,12,0.07211793928096692
1320,98.9,12,0.03073500158886115
1321,97.9,13,0.022510370167975243
1322,98.9,12,0.01794322518010934
1323,98.7,14,0.02146123705564865
1324,98.9,12,0.02583123076086243
1325,98.9,12,0.013373257514710227
1326,98.9,12,0.011830343088756004
1327,98.9,12,0.01308832437886546
1328,98.9,12,0.017293555778451264
1329,98.9,12,0.020486297357516985
1330,98.9,12,0.012286144813212255
1331,98.9,12,0.010819148233470818
1332,98.9,12,0.007909914556269845
1333,98.9,12,0.012885279002754638
1334,98.9,12,0.010025318382152667
1335,98.9,12,0.016737365047447383
1336,98.9,12,0.013131014944519848
1337,98.9,12,0.007777103766178091
1338,98.9,12,0.007459025383771707
1339,98.9,12,0.005627100472338498
1340,98.9,12,0.007823327100292468
1341,98.9,12,0.01563350499297182
1342,98.9,12,0.01908156372761975
1343,98.9,12,0.015195225598290563
1344,98.9,12,0.023004702913264435
1345,98.9,12,0.039846227349092565
1346,98.9,12,0.03986105687605838
1347,98.9,12,0.050842968126138054
1348,98.9,12,0.0920844169644018
1349,98.9,12,0.05820862421145042
1350,98.9,12,0.050157947620997824
1351,98.9,12,0.0543040979343156
1352,98.9,12,0.05908107881744703
1353,98.9,12,0.04295730396794776
1354,98.9,12,0.030387733442087967
1355,98.9,12,0.03549152550597986
1356,98.9,12,0.03770441965510448
1357,98.9,12,0.044974957748005785
1358,98.9,12,0.04837103188037872
1359,98.9,12,0.055363752879202366
1360,98.9,12,0.037148925165335335
1361,98.9,12,0.05308621531973282
1362,98.9,12,0.036271042500933014
1363,98.9,12,0.0357368312155207
1364,98.9,12,0.03273199126124382
1365,98.9,12,0.016878047143109143
1366,98.9,12,0.01249685138463974
1367,98.9,12,0.009410482132807374
1368,98.9,12,0.01064384994485105
1369,98.9,12,0.016834761171291273
1370,98.7,14,0.02748863265982696
1371,98.9,12,0.02116844446087877
1372,98.9,12,0.024510187019283574
1373,98.9,12,0.11311742135634024
1374,98.9,12,0.2207587088147799
1375,77.69999999999999,35,0.313955737224647
1376,97.9,13,0.14521262766076967
1377,98.9,12,0.2465561249603828
1378,98.9,12,0.2491339628274242
1379,97.9,13,0.1691697916159263
1380,98.9,12,0.26140472168723744
1381,98.9,12,0.18218685251971087
1382,98.9,12,0.21827124866346517
1383,98.9,12,0.17574484211703142
1384,98.9,12,0.13619757567842802
1385,97.9,13,0.09412962742722951
1386,98.9,12,0.12622739374637604
1387,98.9,12,0.08418585670491059
1388,97.9,13,0.09081238164351536
1389,98.9,12,0.07862585596740246
1390,98.9,12,0.13672582215319076
1391,98.9,12,0.19868809481461844
1392,98.9,12,0.33522091681758565
1393,97.9,13,0.17033317857063734
1394,98.9,12,0.14409005859245858
1395,98.9,12,0.09840550863494475
1396,98.9,12,0.149861514257888
1397,98.9,12,0.07666573363045852
1398,98.9,12,0.07127636019140482
1399,98.9,12,0.09753317354867856
1400,98.9,12,0.07664807435745995
1401,98.9,12,0.07297649110356967
1402,98.9,12,0.06645663393040498
1403,98.9,12,0.04203013408308228
1404,98.9,12,0.034985489988078676
1405,98.9,12,0.06867505827297767
1406,97.9,13,0.0636109563593681
1407,98.9,12,0.047442753023157515
1408,98.9,12,0.07251442316919565
1409,98.9,12,0.040083433811863266
1410,98.9,12,0.03238284750841558
1411,98.9,12,0.027972307056188583
1412,98.9,12,0.03279947528305153
1413,98.9,12,0.06820258017008503
1414,98.9,12,0.13127357264359793
1415,98.9,12,0.06606462970376015
1416,98.9,12,0.032402780605480075
1417,98.9,12,0.02758908326116701
1418,97.9,13,0.03403343661473347
1419,98.9,12,0.035562904085963964
1420,98.9,12,0.0423496268534412
1421,98.9,12,0.035756859152267374
1422,98.9,12,0.09693918842822313
1423,98.9,12,0.0802599514524142
1424,98.9,12,0.10478357163568337
1425,98.9,12,0.12972023400167623
1426,98.9,12,0.05064046150073409
1427,98.9,12,0.07239605874444048
1428,98.9,12,0.07294795801863074
1429,98.9,12,0.05746764301632842
1430,98.9,12,0.04910572183628877
1431,98.9,12,0.0588624708664914
1432,98.9,12,0.07043327391147614
1433,98.9,12,0.04912849934771657
1434,98.9,12,0.05742664635181427
1435,98.9,12,0.04893847554922104
1436,98.9,12,0.02679241169244051
1437,98.9,12,0.04401273338589817
1438,98.9,12,0.06996650559206803
1439,98.9,12,0.08137788018211722
1440,98.9,12,0.07011055946350098
1441,98.9,12,0.059754169546067715
1442,98.9,12,0.047216023008028664
1443,98.9,12,0.03570896309490005
1444,98.9,12,0.025537107062215608
1445,98.9,12,0.02211698521083842
1446,98.9,12,0.034211726703991495
1447,98.9,12,0.02805004206796487
1448,97.9,13,0.021594496730428476
1449,98.9,12,0.02672200013572971
1450,97.9,13,0.036600446615081564
1451,98.9,12,0.035647939424961805
1452,98.9,12,0.0423253383487463
1453,98.9,12,0.060475386679172516
1454,98.9,12,0.07158354700853427
1455,98.9,12,0.12945607459793487
1456,98.9,12,0.20242398791015148
1457,98.9,12,0.05881644661227862
1458,98.9,12,0.07455276232212782
1459,98.9,12,0.06261686064923803
1460,98.9,12,0.0406956992422541
1461,98.9,12,0.034340741423269115
1462,98.9,12,0.05043236445635557
1463,98.9,12,0.07501718852048118
1464,98.9,12,0.03812227584421635
1465,98.9,12,0.05214162698636452
1466,98.9,12,0.03041176963597536
1467,98.9,12,0.0552510431346794
1468,98.9,12,0.05440128703291217
1469,98.9,12,0.06406884733587503
1470,98.9,12,0.13552604025850692
1471,98.9,12,0.1488150873531898
1472,98.9,12,0.08995482232421637
1473,98.9,12,0.0886054253205657
1474,98.9,12,0.07850884428868692
1475,98.9,12,0.03371774312108755
1476,98.9,12,0.09484221289555232
1477,98.9,12,0.04801181610673666
1478,98.9,12,0.049184088284770645
1479,98.9,12,0.07348491437733173
1480,98.7,14,0.07311825001878398
1481,98.9,12,0.05538479068006078
1482,98.9,12,0.04753027080247799
1483,98.7,14,0.024752167519181967
1484,98.9,12,0.03556896412434677
1485,98.9,12,0.04099122108891606
1486,98.9,12,0.026912398481120665
1487,98.9,12,0.01770470101231088
1488,98.9,12,0.021625200131287176
1489,98.9,12,0.03274394975354274
1490,98.9,12,0.03043214705151816
1491,98.9,12,0.03255124296993017
1492,98.9,12,0.06569096492603421
1493,98.9,12,0.04272208518038193
1494,98.9,12,0.036870964181919895
1495,98.9,12,0.05557068328683575
1496,98.9,12,0.036796454805880785
1497,98.9,12,0.08190253842622042
1498,98.9,12,0.08472136314958334
1499,98.9,12,0.05955108363802234
1500,98.9,12,0.05469065858051181
